#include <pgmspace.h>

const uint8_t ChessCuernavaca28[] PROGMEM = {
0x00, 0x00, 0x00, 0x2D, 0x00, 0x00, 0x00, 0x0B, 0x00, 0x00, 0x00, 0x1C, 0x00, 0x00, 0x00, 0x00,
0x00, 0x00, 0x00, 0x0B, 0x00, 0x00, 0x00, 0x0B, 0x00, 0x00, 0x00, 0x21, 0x00, 0x00, 0x00, 0x02,
0x00, 0x00, 0x00, 0x02, 0x00, 0x00, 0x00, 0x1C, 0xFF, 0xFF, 0xFF, 0xF4, 0x00, 0x00, 0x00, 0x1A,
0x00, 0x00, 0x00, 0x00, 0x00, 0x00, 0x00, 0x22, 0x00, 0x00, 0x00, 0x02, 0x00, 0x00, 0x00, 0x1C,
0x00, 0x00, 0x00, 0x1C, 0xFF, 0xFF, 0xFF, 0xF4, 0x00, 0x00, 0x00, 0x00, 0x00, 0x00, 0x00, 0x00,
0x00, 0x00, 0x00, 0x23, 0x00, 0x00, 0x00, 0x02, 0x00, 0x00, 0x00, 0x02, 0x00, 0x00, 0x00, 0x1C,
0xFF, 0xFF, 0xFF, 0xF4, 0x00, 0x00, 0x00, 0x00, 0x00, 0x00, 0x00, 0x00, 0x00, 0x00, 0x00, 0x24,
0x00, 0x00, 0x00, 0x1C, 0x00, 0x00, 0x00, 0x02, 0x00, 0x00, 0x00, 0x1C, 0x00, 0x00, 0x00, 0x0E,
0x00, 0x00, 0x00, 0x1A, 0x00, 0x00, 0x00, 0x00, 0x00, 0x00, 0x00, 0x25, 0x00, 0x00, 0x00, 0x1C,
0x00, 0x00, 0x00, 0x02, 0x00, 0x00, 0x00, 0x1C, 0x00, 0x00, 0x00, 0x0E, 0x00, 0x00, 0x00, 0x00,
0x00, 0x00, 0x00, 0x00, 0x00, 0x00, 0x00, 0x28, 0x00, 0x00, 0x00, 0x02, 0x00, 0x00, 0x00, 0x1C,
0x00, 0x00, 0x00, 0x1C, 0x00, 0x00, 0x00, 0x0E, 0x00, 0x00, 0x00, 0x00, 0x00, 0x00, 0x00, 0x00,
0x00, 0x00, 0x00, 0x29, 0x00, 0x00, 0x00, 0x02, 0x00, 0x00, 0x00, 0x02, 0x00, 0x00, 0x00, 0x1C,
0x00, 0x00, 0x00, 0x0E, 0x00, 0x00, 0x00, 0x00, 0x00, 0x00, 0x00, 0x00, 0x00, 0x00, 0x00, 0x2B,
0x00, 0x00, 0x00, 0x1C, 0x00, 0x00, 0x00, 0x1C, 0x00, 0x00, 0x00, 0x1C, 0x00, 0x00, 0x00, 0x0E,
0x00, 0x00, 0x00, 0x00, 0x00, 0x00, 0x00, 0x00, 0x00, 0x00, 0x00, 0x2F, 0x00, 0x00, 0x00, 0x02,
0x00, 0x00, 0x00, 0x02, 0x00, 0x00, 0x00, 0x1C, 0x00, 0x00, 0x00, 0x0E, 0x00, 0x00, 0x00, 0x1A,
0x00, 0x00, 0x00, 0x00, 0x00, 0x00, 0x00, 0x41, 0x00, 0x00, 0x00, 0x1C, 0x00, 0x00, 0x00, 0x1C,
0x00, 0x00, 0x00, 0x1C, 0x00, 0x00, 0x00, 0x0E, 0x00, 0x00, 0x00, 0x00, 0x00, 0x00, 0x00, 0x00,
0x00, 0x00, 0x00, 0x42, 0x00, 0x00, 0x00, 0x1C, 0x00, 0x00, 0x00, 0x1C, 0x00, 0x00, 0x00, 0x1C,
0x00, 0x00, 0x00, 0x0E, 0x00, 0x00, 0x00, 0x00, 0x00, 0x00, 0x00, 0x00, 0x00, 0x00, 0x00, 0x44,
0x00, 0x00, 0x00, 0x1C, 0x00, 0x00, 0x00, 0x1C, 0x00, 0x00, 0x00, 0x1C, 0x00, 0x00, 0x00, 0x0E,
0x00, 0x00, 0x00, 0x00, 0x00, 0x00, 0x00, 0x00, 0x00, 0x00, 0x00, 0x46, 0x00, 0x00, 0x00, 0x1C,
0x00, 0x00, 0x00, 0x1C, 0x00, 0x00, 0x00, 0x1C, 0x00, 0x00, 0x00, 0x0E, 0x00, 0x00, 0x00, 0x00,
0x00, 0x00, 0x00, 0x00, 0x00, 0x00, 0x00, 0x47, 0x00, 0x00, 0x00, 0x1C, 0x00, 0x00, 0x00, 0x1C,
0x00, 0x00, 0x00, 0x1C, 0x00, 0x00, 0x00, 0x0E, 0x00, 0x00, 0x00, 0x00, 0x00, 0x00, 0x00, 0x00,
0x00, 0x00, 0x00, 0x48, 0x00, 0x00, 0x00, 0x1C, 0x00, 0x00, 0x00, 0x1C, 0x00, 0x00, 0x00, 0x1C,
0x00, 0x00, 0x00, 0x0E, 0x00, 0x00, 0x00, 0x00, 0x00, 0x00, 0x00, 0x00, 0x00, 0x00, 0x00, 0x4B,
0x00, 0x00, 0x00, 0x1C, 0x00, 0x00, 0x00, 0x1C, 0x00, 0x00, 0x00, 0x1C, 0x00, 0x00, 0x00, 0x0E,
0x00, 0x00, 0x00, 0x00, 0x00, 0x00, 0x00, 0x00, 0x00, 0x00, 0x00, 0x4C, 0x00, 0x00, 0x00, 0x1C,
0x00, 0x00, 0x00, 0x1C, 0x00, 0x00, 0x00, 0x1C, 0x00, 0x00, 0x00, 0x0E, 0x00, 0x00, 0x00, 0x00,
0x00, 0x00, 0x00, 0x00, 0x00, 0x00, 0x00, 0x4D, 0x00, 0x00, 0x00, 0x1C, 0x00, 0x00, 0x00, 0x1C,
0x00, 0x00, 0x00, 0x1C, 0x00, 0x00, 0x00, 0x0E, 0x00, 0x00, 0x00, 0x00, 0x00, 0x00, 0x00, 0x00,
0x00, 0x00, 0x00, 0x4E, 0x00, 0x00, 0x00, 0x1C, 0x00, 0x00, 0x00, 0x1C, 0x00, 0x00, 0x00, 0x1C,
0x00, 0x00, 0x00, 0x0E, 0x00, 0x00, 0x00, 0x00, 0x00, 0x00, 0x00, 0x00, 0x00, 0x00, 0x00, 0x4F,
0x00, 0x00, 0x00, 0x1C, 0x00, 0x00, 0x00, 0x1C, 0x00, 0x00, 0x00, 0x1C, 0x00, 0x00, 0x00, 0x0E,
0x00, 0x00, 0x00, 0x00, 0x00, 0x00, 0x00, 0x00, 0x00, 0x00, 0x00, 0x50, 0x00, 0x00, 0x00, 0x1C,
0x00, 0x00, 0x00, 0x1C, 0x00, 0x00, 0x00, 0x1C, 0x00, 0x00, 0x00, 0x0E, 0x00, 0x00, 0x00, 0x00,
0x00, 0x00, 0x00, 0x00, 0x00, 0x00, 0x00, 0x51, 0x00, 0x00, 0x00, 0x1C, 0x00, 0x00, 0x00, 0x1C,
0x00, 0x00, 0x00, 0x1C, 0x00, 0x00, 0x00, 0x0E, 0x00, 0x00, 0x00, 0x00, 0x00, 0x00, 0x00, 0x00,
0x00, 0x00, 0x00, 0x52, 0x00, 0x00, 0x00, 0x1C, 0x00, 0x00, 0x00, 0x1C, 0x00, 0x00, 0x00, 0x1C,
0x00, 0x00, 0x00, 0x0E, 0x00, 0x00, 0x00, 0x00, 0x00, 0x00, 0x00, 0x00, 0x00, 0x00, 0x00, 0x53,
0x00, 0x00, 0x00, 0x1C, 0x00, 0x00, 0x00, 0x1C, 0x00, 0x00, 0x00, 0x1C, 0x00, 0x00, 0x00, 0x0E,
0x00, 0x00, 0x00, 0x00, 0x00, 0x00, 0x00, 0x00, 0x00, 0x00, 0x00, 0x54, 0x00, 0x00, 0x00, 0x1C,
0x00, 0x00, 0x00, 0x1C, 0x00, 0x00, 0x00, 0x1C, 0x00, 0x00, 0x00, 0x0E, 0x00, 0x00, 0x00, 0x00,
0x00, 0x00, 0x00, 0x00, 0x00, 0x00, 0x00, 0x56, 0x00, 0x00, 0x00, 0x1C, 0x00, 0x00, 0x00, 0x1C,
0x00, 0x00, 0x00, 0x1C, 0x00, 0x00, 0x00, 0x0E, 0x00, 0x00, 0x00, 0x00, 0x00, 0x00, 0x00, 0x00,
0x00, 0x00, 0x00, 0x57, 0x00, 0x00, 0x00, 0x1C, 0x00, 0x00, 0x00, 0x1C, 0x00, 0x00, 0x00, 0x1C,
0x00, 0x00, 0x00, 0x0E, 0x00, 0x00, 0x00, 0x00, 0x00, 0x00, 0x00, 0x00, 0x00, 0x00, 0x00, 0x61,
0x00, 0x00, 0x00, 0x19, 0x00, 0x00, 0x00, 0x18, 0x00, 0x00, 0x00, 0x1C, 0x00, 0x00, 0x00, 0x0C,
0x00, 0x00, 0x00, 0x02, 0x00, 0x00, 0x00, 0x00, 0x00, 0x00, 0x00, 0x62, 0x00, 0x00, 0x00, 0x19,
0x00, 0x00, 0x00, 0x18, 0x00, 0x00, 0x00, 0x1C, 0x00, 0x00, 0x00, 0x0C, 0x00, 0x00, 0x00, 0x02,
0x00, 0x00, 0x00, 0x00, 0x00, 0x00, 0x00, 0x64, 0x00, 0x00, 0x00, 0x17, 0x00, 0x00, 0x00, 0x14,
0x00, 0x00, 0x00, 0x1C, 0x00, 0x00, 0x00, 0x0B, 0x00, 0x00, 0x00, 0x04, 0x00, 0x00, 0x00, 0x00,
0x00, 0x00, 0x00, 0x66, 0x00, 0x00, 0x00, 0x16, 0x00, 0x00, 0x00, 0x14, 0x00, 0x00, 0x00, 0x1C,
0x00, 0x00, 0x00, 0x0B, 0x00, 0x00, 0x00, 0x04, 0x00, 0x00, 0x00, 0x00, 0x00, 0x00, 0x00, 0x67,
0x00, 0x00, 0x00, 0x1A, 0x00, 0x00, 0x00, 0x1A, 0x00, 0x00, 0x00, 0x1C, 0x00, 0x00, 0x00, 0x0D,
0x00, 0x00, 0x00, 0x01, 0x00, 0x00, 0x00, 0x00, 0x00, 0x00, 0x00, 0x68, 0x00, 0x00, 0x00, 0x1A,
0x00, 0x00, 0x00, 0x1A, 0x00, 0x00, 0x00, 0x1C, 0x00, 0x00, 0x00, 0x0D, 0x00, 0x00, 0x00, 0x01,
0x00, 0x00, 0x00, 0x00, 0x00, 0x00, 0x00, 0x6B, 0x00, 0x00, 0x00, 0x19, 0x00, 0x00, 0x00, 0x1A,
0x00, 0x00, 0x00, 0x1C, 0x00, 0x00, 0x00, 0x0D, 0x00, 0x00, 0x00, 0x01, 0x00, 0x00, 0x00, 0x00,
0x00, 0x00, 0x00, 0x6C, 0x00, 0x00, 0x00, 0x19, 0x00, 0x00, 0x00, 0x1A, 0x00, 0x00, 0x00, 0x1C,
0x00, 0x00, 0x00, 0x0D, 0x00, 0x00, 0x00, 0x01, 0x00, 0x00, 0x00, 0x00, 0x00, 0x00, 0x00, 0x6D,
0x00, 0x00, 0x00, 0x1A, 0x00, 0x00, 0x00, 0x1A, 0x00, 0x00, 0x00, 0x1C, 0x00, 0x00, 0x00, 0x0D,
0x00, 0x00, 0x00, 0x01, 0x00, 0x00, 0x00, 0x00, 0x00, 0x00, 0x00, 0x6E, 0x00, 0x00, 0x00, 0x1A,
0x00, 0x00, 0x00, 0x1A, 0x00, 0x00, 0x00, 0x1C, 0x00, 0x00, 0x00, 0x0D, 0x00, 0x00, 0x00, 0x01,
0x00, 0x00, 0x00, 0x00, 0x00, 0x00, 0x00, 0x6F, 0x00, 0x00, 0x00, 0x16, 0x00, 0x00, 0x00, 0x10,
0x00, 0x00, 0x00, 0x1C, 0x00, 0x00, 0x00, 0x0B, 0x00, 0x00, 0x00, 0x06, 0x00, 0x00, 0x00, 0x00,
0x00, 0x00, 0x00, 0x70, 0x00, 0x00, 0x00, 0x16, 0x00, 0x00, 0x00, 0x12, 0x00, 0x00, 0x00, 0x1C,
0x00, 0x00, 0x00, 0x0B, 0x00, 0x00, 0x00, 0x05, 0x00, 0x00, 0x00, 0x00, 0x00, 0x00, 0x00, 0x71,
0x00, 0x00, 0x00, 0x1B, 0x00, 0x00, 0x00, 0x1C, 0x00, 0x00, 0x00, 0x1C, 0x00, 0x00, 0x00, 0x0E,
0x00, 0x00, 0x00, 0x00, 0x00, 0x00, 0x00, 0x00, 0x00, 0x00, 0x00, 0x72, 0x00, 0x00, 0x00, 0x17,
0x00, 0x00, 0x00, 0x14, 0x00, 0x00, 0x00, 0x1C, 0x00, 0x00, 0x00, 0x0B, 0x00, 0x00, 0x00, 0x04,
0x00, 0x00, 0x00, 0x00, 0x00, 0x00, 0x00, 0x73, 0x00, 0x00, 0x00, 0x16, 0x00, 0x00, 0x00, 0x18,
0x00, 0x00, 0x00, 0x1C, 0x00, 0x00, 0x00, 0x0C, 0x00, 0x00, 0x00, 0x02, 0x00, 0x00, 0x00, 0x00,
0x00, 0x00, 0x00, 0x74, 0x00, 0x00, 0x00, 0x16, 0x00, 0x00, 0x00, 0x14, 0x00, 0x00, 0x00, 0x1C,
0x00, 0x00, 0x00, 0x0B, 0x00, 0x00, 0x00, 0x04, 0x00, 0x00, 0x00, 0x00, 0x00, 0x00, 0x00, 0x76,
0x00, 0x00, 0x00, 0x19, 0x00, 0x00, 0x00, 0x18, 0x00, 0x00, 0x00, 0x1C, 0x00, 0x00, 0x00, 0x0C,
0x00, 0x00, 0x00, 0x02, 0x00, 0x00, 0x00, 0x00, 0x00, 0x00, 0x00, 0x77, 0x00, 0x00, 0x00, 0x1A,
0x00, 0x00, 0x00, 0x1C, 0x00, 0x00, 0x00, 0x1C, 0x00, 0x00, 0x00, 0x0E, 0x00, 0x00, 0x00, 0x00,
0x00, 0x00, 0x00, 0x00, 0x2A, 0x68, 0x68, 0xFF, 0x68, 0x68, 0x68, 0x68, 0x68, 0x68, 0x68, 0x68,
0x68, 0x68, 0x68, 0x68, 0x68, 0x68, 0x68, 0x68, 0x68, 0x68, 0x68, 0x68, 0x68, 0x68, 0x68, 0x68,
0x68, 0x68, 0x68, 0x68, 0xFF, 0xFF, 0xFF, 0xFF, 0xFF, 0xFF, 0xFF, 0xFF, 0xFF, 0xFF, 0xFF, 0xFF,
0xFF, 0xFF, 0xFF, 0xFF, 0xFF, 0xFF, 0xFF, 0xFF, 0xFF, 0xFF, 0xFF, 0xFF, 0xFF, 0xFF, 0xFF, 0xFF,
0x68, 0x2A, 0xFF, 0x68, 0x68, 0xFF, 0x68, 0xFF, 0x68, 0xFF, 0x68, 0xFF, 0x68, 0xFF, 0x68, 0xFF,
0x68, 0xFF, 0x68, 0xFF, 0x68, 0xFF, 0x68, 0xFF, 0x68, 0xFF, 0x68, 0xFF, 0x68, 0xFF, 0x68, 0xFF,
0x68, 0xFF, 0x68, 0xFF, 0x68, 0xFF, 0x68, 0xFF, 0x68, 0xFF, 0x68, 0xFF, 0x68, 0xFF, 0x68, 0xFF,
0x68, 0xFF, 0x68, 0xFF, 0x68, 0xFF, 0x68, 0xFF, 0x68, 0xFF, 0x68, 0xFF, 0xFF, 0x68, 0xFF, 0x68,
0xFF, 0x68, 0xFF, 0x68, 0xFF, 0x68, 0xFF, 0x68, 0xFF, 0x68, 0xFF, 0x68, 0xFF, 0x68, 0xFF, 0x68,
0xFF, 0x68, 0xFF, 0x68, 0xFF, 0x68, 0xFF, 0x68, 0xFF, 0x68, 0xFF, 0x68, 0xFF, 0x68, 0xFF, 0x68,
0xFF, 0x68, 0xFF, 0x68, 0xFF, 0x68, 0xFF, 0x68, 0xFF, 0x68, 0xFF, 0x68, 0xFF, 0x68, 0xFF, 0x68,
0xFF, 0x68, 0xFF, 0x68, 0xFF, 0xFF, 0xFF, 0xFF, 0xFF, 0xFF, 0xFF, 0xFF, 0xFF, 0xFF, 0xFF, 0xFF,
0xFF, 0xFF, 0xFF, 0xFF, 0xFF, 0xFF, 0xFF, 0xFF, 0xFF, 0xFF, 0xFF, 0xFF, 0xFF, 0xFF, 0xFF, 0xFF,
0x68, 0x68, 0x68, 0x68, 0x68, 0x68, 0x68, 0x68, 0x68, 0x68, 0x68, 0x68, 0x68, 0x68, 0x68, 0x68,
0x68, 0x68, 0x68, 0x68, 0x68, 0x68, 0x68, 0x68, 0x68, 0x68, 0x68, 0x68, 0xFF, 0x68, 0x68, 0x2A,
0x00, 0x00, 0x00, 0x4F, 0x3D, 0x00, 0x00, 0x2B, 0x50, 0x00, 0x00, 0x66, 0x2B, 0x00, 0x00, 0x70,
0x20, 0x00, 0x01, 0x75, 0x18, 0x00, 0x05, 0x7A, 0x10, 0x00, 0x0A, 0x7B, 0x00, 0x00, 0x4B, 0x3E,
0x00, 0x00, 0x32, 0x53, 0x00, 0x00, 0x65, 0x2D, 0x00, 0x00, 0x70, 0x21, 0x00, 0x01, 0x75, 0x18,
0x00, 0x05, 0x79, 0x10, 0x00, 0x0A, 0x7B, 0x0A, 0x00, 0x48, 0x42, 0x00, 0x00, 0x39, 0x51, 0x00,
0x00, 0x66, 0x2D, 0x00, 0x00, 0x6F, 0x22, 0x00, 0x01, 0x75, 0x18, 0x00, 0x05, 0x79, 0x10, 0x00,
0x0A, 0x7B, 0x0A, 0x00, 0x45, 0x48, 0x00, 0x00, 0x40, 0x4E, 0x00, 0x00, 0x66, 0x2F, 0x00, 0x00,
0x6E, 0x22, 0x00, 0x01, 0x75, 0x18, 0x00, 0x04, 0x78, 0x10, 0x00, 0x0A, 0x7B, 0x0A, 0x00, 0x06,
0x3F, 0x00, 0x00, 0x49, 0x4C, 0x00, 0x00, 0x66, 0x30, 0x00, 0x00, 0x6D, 0x22, 0x00, 0x01, 0x75,
0x18, 0x00, 0x04, 0x78, 0x10, 0x00, 0x0A, 0x7B, 0x0A, 0x00, 0x10, 0x7A, 0x00, 0x00, 0x53, 0x4A,
0x00, 0x00, 0x67, 0x32, 0x00, 0x00, 0x6C, 0x22, 0x00, 0x01, 0x75, 0x18, 0x00, 0x04, 0x78, 0x10,
0x00, 0x0A, 0x7B, 0x0A, 0x00, 0x10, 0x79, 0x05, 0x00, 0x59, 0x48, 0x00, 0x00, 0x67, 0x33, 0x00,
0x00, 0x6B, 0x22, 0x00, 0x01, 0x75, 0x18, 0x00, 0x04, 0x77, 0x10, 0x00, 0x0A, 0x7B, 0x0A, 0x00,
0x10, 0x79, 0x05, 0x00, 0x5D, 0x44, 0x00, 0x00, 0x66, 0x34, 0x00, 0x00, 0x6A, 0x22, 0x00, 0x01,
0x75, 0x18, 0x00, 0x04, 0x77, 0x10, 0x00, 0x0A, 0x7B, 0x0A, 0x00, 0x10, 0x78, 0x05, 0x00, 0x0E,
0x34, 0x00, 0x00, 0x65, 0x33, 0x00, 0x00, 0x6A, 0x22, 0x00, 0x01, 0x75, 0x18, 0x00, 0x04, 0x78,
0x10, 0x00, 0x0A, 0x7B, 0x0A, 0x00, 0x10, 0x78, 0x04, 0x00, 0x18, 0x75, 0x00, 0x00, 0x64, 0x33,
0x00, 0x00, 0x6A, 0x22, 0x00, 0x02, 0x75, 0x18, 0x00, 0x04, 0x77, 0x10, 0x00, 0x0A, 0x7B, 0x0A,
0x00, 0x10, 0x78, 0x04, 0x00, 0x18, 0x75, 0x01, 0x00, 0x63, 0x32, 0x00, 0x00, 0x6B, 0x22, 0x00,
0x01, 0x75, 0x18, 0x00, 0x04, 0x77, 0x10, 0x00, 0x0A, 0x7B, 0x0A, 0x00, 0x10, 0x78, 0x04, 0x00,
0x18, 0x75, 0x01, 0x00, 0x62, 0x32, 0x00, 0x00, 0x6B, 0x22, 0x00, 0x01, 0x75, 0x18, 0x00, 0x04,
0x77, 0x10, 0x00, 0x0A, 0x7B, 0x0A, 0x00, 0x10, 0x78, 0x04, 0x00, 0x18, 0x75, 0x01, 0x00, 0x19,
0x25, 0x00, 0x00, 0x70, 0x28, 0x00, 0x01, 0x75, 0x18, 0x00, 0x04, 0x77, 0x10, 0x00, 0x0A, 0x7B,
0x0A, 0x00, 0x10, 0x78, 0x04, 0x00, 0x18, 0x75, 0x01, 0x00, 0x26, 0x71, 0x00, 0x00, 0x6F, 0x26,
0x00, 0x01, 0x75, 0x18, 0x00, 0x04, 0x77, 0x10, 0x00, 0x0A, 0x7B, 0x0A, 0x00, 0x10, 0x77, 0x04,
0x00, 0x18, 0x75, 0x01, 0x00, 0x25, 0x6F, 0x00, 0x00, 0x70, 0x25, 0x00, 0x01, 0x75, 0x18, 0x00,
0x04, 0x77, 0x10, 0x00, 0x0A, 0x7B, 0x0A, 0x00, 0x10, 0x77, 0x04, 0x00, 0x18, 0x75, 0x01, 0x00,
0x25, 0x6D, 0x00, 0x00, 0x70, 0x24, 0x00, 0x01, 0x75, 0x18, 0x00, 0x04, 0x78, 0x10, 0x00, 0x0A,
0x7B, 0x0A, 0x00, 0x10, 0x77, 0x04, 0x00, 0x18, 0x75, 0x01, 0x00, 0x25, 0x6D, 0x00, 0x00, 0x25,
0x19, 0x00, 0x01, 0x75, 0x18, 0x00, 0x04, 0x78, 0x10, 0x00, 0x0A, 0x7B, 0x0A, 0x00, 0x10, 0x77,
0x04, 0x00, 0x18, 0x75, 0x01, 0x00, 0x24, 0x6C, 0x00, 0x00, 0x30, 0x5F, 0x00, 0x01, 0x75, 0x18,
0x00, 0x04, 0x79, 0x10, 0x00, 0x0A, 0x7B, 0x0A, 0x00, 0x0F, 0x76, 0x04, 0x00, 0x18, 0x75, 0x01,
0x00, 0x24, 0x70, 0x00, 0x00, 0x2F, 0x61, 0x00, 0x01, 0x75, 0x18, 0x00, 0x04, 0x78, 0x10, 0x00,
0x0A, 0x7B, 0x0A, 0x00, 0x0F, 0x76, 0x04, 0x00, 0x18, 0x75, 0x02, 0x00, 0x24, 0x70, 0x00, 0x00,
0x2E, 0x63, 0x00, 0x00, 0x75, 0x18, 0x00, 0x04, 0x78, 0x10, 0x00, 0x0A, 0x7B, 0x0A, 0x00, 0x0F,
0x76, 0x04, 0x00, 0x17, 0x74, 0x01, 0x00, 0x24, 0x6D, 0x00, 0x00, 0x2E, 0x65, 0x00, 0x00, 0x16,
0x0E, 0x00, 0x05, 0x78, 0x10, 0x00, 0x0A, 0x7B, 0x0A, 0x00, 0x0F, 0x76, 0x04, 0x00, 0x17, 0x74,
0x01, 0x00, 0x23, 0x6D, 0x00, 0x00, 0x2D, 0x67, 0x00, 0x00, 0x1A, 0x6F, 0x00, 0x05, 0x79, 0x10,
0x00, 0x0A, 0x7B, 0x0A, 0x00, 0x0F, 0x75, 0x04, 0x00, 0x17, 0x74, 0x01, 0x00, 0x22, 0x6D, 0x00,
0x00, 0x2D, 0x69, 0x00, 0x00, 0x1E, 0x6F, 0x00, 0x05, 0x79, 0x10, 0x00, 0x0A, 0x7B, 0x0A, 0x00,
0x0E, 0x76, 0x04, 0x00, 0x16, 0x73, 0x01, 0x00, 0x22, 0x6D, 0x00, 0x00, 0x2D, 0x6A, 0x00, 0x00,
0x23, 0x6E, 0x00, 0x00, 0x7A, 0x10, 0x00, 0x0A, 0x7B, 0x0A, 0x00, 0x0E, 0x75, 0x04, 0x00, 0x16,
0x72, 0x01, 0x00, 0x21, 0x6D, 0x00, 0x00, 0x2C, 0x69, 0x00, 0x00, 0x26, 0x6C, 0x00, 0x00, 0x3E,
0x06, 0x00, 0x0A, 0x7B, 0x0A, 0x00, 0x0E, 0x75, 0x04, 0x00, 0x16, 0x72, 0x01, 0x00, 0x20, 0x6C,
0x00, 0x00, 0x2C, 0x68, 0x00, 0x00, 0x2C, 0x6A, 0x00, 0x00, 0x47, 0x45, 0x00, 0x0A, 0x7B, 0x0A,
0x00, 0x0E, 0x75, 0x05, 0x00, 0x15, 0x72, 0x01, 0x00, 0x1F, 0x6B, 0x00, 0x00, 0x2B, 0x67, 0x00,
0x00, 0x33, 0x66, 0x00, 0x00, 0x42, 0x48, 0x00, 0x0A, 0x7B, 0x0A, 0x00, 0x0D, 0x75, 0x05, 0x00,
0x15, 0x71, 0x01, 0x00, 0x1F, 0x6A, 0x00, 0x00, 0x2A, 0x66, 0x00, 0x00, 0x39, 0x64, 0x00, 0x00,
0x40, 0x4B, 0x00, 0x00, 0x7C, 0x0A, 0x00, 0x0D, 0x75, 0x05, 0x00, 0x15, 0x71, 0x01, 0x00, 0x1E,
0x6A, 0x00, 0x00, 0x2A, 0x65, 0x00, 0x00, 0x33, 0x60, 0x00, 0x00, 0x3D, 0x50, 0x00, 0x00, 0x00,
0x68, 0xFF, 0x2A, 0x68, 0x00, 0x00, 0x00, 0x4F, 0x3D, 0x00, 0x00, 0x2D, 0x54, 0x00, 0x00, 0x64,
0x2B, 0x00, 0x00, 0x6A, 0x1E, 0x00, 0x01, 0x75, 0x18, 0x00, 0x05, 0x7A, 0x10, 0x00, 0x0B, 0x7C,
0x00, 0x00, 0x4B, 0x3E, 0x00, 0x00, 0x33, 0x59, 0x00, 0x00, 0x61, 0x2D, 0x00, 0x00, 0x6C, 0x20,
0x00, 0x01, 0x75, 0x18, 0x00, 0x05, 0x7A, 0x10, 0x00, 0x0C, 0x7B, 0x09, 0x00, 0x48, 0x42, 0x0A,
0x48, 0x39, 0x56, 0x00, 0x00, 0x60, 0x2F, 0x00, 0x00, 0x6B, 0x21, 0x00, 0x02, 0x74, 0x18, 0x00,
0x05, 0x7A, 0x16, 0x15, 0x0B, 0x7B, 0x08, 0x00, 0x45, 0x48, 0x00, 0x9F, 0xF9, 0xDC, 0x6D, 0x46,
0x77, 0x5E, 0x2A, 0x1A, 0x6A, 0x21, 0x00, 0x04, 0x80, 0x24, 0x01, 0x05, 0x88, 0x75, 0xD9, 0xD5,
0x7D, 0x09, 0x00, 0x06, 0x3F, 0x00, 0x54, 0xF7, 0x26, 0x54, 0x98, 0xBF, 0xCB, 0xD0, 0xD5, 0xEF,
0xED, 0x90, 0x9D, 0xF1, 0xF5, 0xF7, 0xFD, 0xFA, 0xF2, 0xB7, 0x4D, 0x96, 0xC8, 0x0B, 0x10, 0x79,
0x00, 0x00, 0x5C, 0xA9, 0xEE, 0x89, 0x1C, 0x00, 0x00, 0x0E, 0x1B, 0x02, 0x27, 0x92, 0x8E, 0x1C,
0x04, 0x18, 0x09, 0x08, 0x00, 0x30, 0x90, 0xEB, 0x8D, 0x1F, 0x78, 0x04, 0x00, 0x5A, 0x45, 0x00,
0x25, 0xCF, 0xF0, 0xD0, 0xCE, 0xF6, 0xE1, 0xEC, 0x8A, 0x0C, 0x19, 0x9E, 0xF4, 0xED, 0xF5, 0xDD,
0xEB, 0xE4, 0x84, 0x1C, 0x10, 0x76, 0x04, 0x00, 0x5E, 0x42, 0x00, 0x00, 0x63, 0x30, 0x04, 0x34,
0xA3, 0x24, 0x00, 0x39, 0xE6, 0xE3, 0xEA, 0xC4, 0x98, 0x10, 0x03, 0x2F, 0x99, 0x0A, 0x00, 0x10,
0x75, 0x04, 0x00, 0x0E, 0x34, 0x00, 0x00, 0x63, 0x2F, 0x00, 0x00, 0x6D, 0x2D, 0x7C, 0xDF, 0xE5,
0xC0, 0xAF, 0xB2, 0xC9, 0xE9, 0xE6, 0x8A, 0x7D, 0x0A, 0x00, 0x10, 0x73, 0x03, 0x00, 0x18, 0x75,
0x00, 0x00, 0x62, 0x31, 0x00, 0x00, 0x6B, 0x22, 0xBC, 0xF7, 0x5D, 0x00, 0x00, 0x00, 0x00, 0x00,
0x00, 0x4F, 0xEC, 0xCE, 0x00, 0x10, 0x75, 0x03, 0x00, 0x18, 0x73, 0x01, 0x00, 0x60, 0x31, 0x00,
0x00, 0x6A, 0x21, 0x00, 0x96, 0xD8, 0xD7, 0xDA, 0x9C, 0x76, 0x71, 0x91, 0xC4, 0xEF, 0xE8, 0xA1,
0x10, 0x76, 0x04, 0x00, 0x18, 0x72, 0x01, 0x00, 0x5F, 0x31, 0x00, 0x00, 0x6A, 0x22, 0x00, 0x01,
0x87, 0xE9, 0x06, 0x2F, 0x63, 0x89, 0x8F, 0x77, 0x47, 0x0D, 0xE7, 0x40, 0x78, 0x04, 0x00, 0x18,
0x72, 0x01, 0x00, 0x19, 0x24, 0x00, 0x00, 0x6A, 0x22, 0x00, 0x01, 0x75, 0x1F, 0xDD, 0x8E, 0x29,
0x04, 0x00, 0x00, 0x08, 0x30, 0x8C, 0xDE, 0x7A, 0x04, 0x00, 0x18, 0x72, 0x01, 0x00, 0x26, 0x71,
0x00, 0x00, 0x6B, 0x22, 0x00, 0x01, 0x74, 0x1D, 0xC0, 0xBA, 0x9E, 0xE1, 0xFB, 0xF0, 0xF0, 0xF5,
0xC8, 0x96, 0xC6, 0xC1, 0x05, 0x18, 0x73, 0x01, 0x00, 0x26, 0x6F, 0x00, 0x00, 0x6C, 0x22, 0x00,
0x01, 0x73, 0x19, 0x5F, 0xBC, 0x01, 0x00, 0x00, 0x07, 0x14, 0x10, 0x02, 0x00, 0x00, 0x02, 0xC0,
0x7F, 0x74, 0x01, 0x00, 0x26, 0x6E, 0x00, 0x00, 0x6D, 0x22, 0x00, 0x01, 0x72, 0x18, 0x00, 0x9F,
0x63, 0x00, 0x00, 0x00, 0x00, 0x21, 0x21, 0x00, 0x00, 0x00, 0x00, 0x65, 0xC2, 0x01, 0x00, 0x26,
0x6E, 0x00, 0x00, 0x25, 0x17, 0x00, 0x01, 0x72, 0x18, 0x00, 0x04, 0xC7, 0x65, 0x00, 0x00, 0x00,
0x00, 0x81, 0x7E, 0x00, 0x00, 0x00, 0x00, 0x62, 0x99, 0x00, 0x26, 0x6D, 0x00, 0x00, 0x30, 0x5F,
0x00, 0x01, 0x73, 0x18, 0x00, 0x04, 0x7C, 0x81, 0xA9, 0x00, 0x00, 0x0D, 0xCE, 0xED, 0xEC, 0xCF,
0x09, 0x00, 0x00, 0xA8, 0x63, 0x26, 0x6D, 0x00, 0x00, 0x2F, 0x61, 0x00, 0x01, 0x74, 0x18, 0x00,
0x04, 0x7C, 0x12, 0x11, 0xEB, 0x2D, 0x00, 0x00, 0x26, 0x98, 0x95, 0x24, 0x00, 0x00, 0x34, 0xE8,
0x34, 0x6C, 0x00, 0x00, 0x2E, 0x63, 0x00, 0x00, 0x75, 0x18, 0x00, 0x05, 0x7C, 0x12, 0x00, 0x09,
0xAD, 0xD9, 0x15, 0x00, 0x00, 0x50, 0x4F, 0x00, 0x00, 0x18, 0xD9, 0x80, 0x6C, 0x00, 0x00, 0x2E,
0x65, 0x00, 0x00, 0x16, 0x0E, 0x00, 0x05, 0x7C, 0x12, 0x00, 0x09, 0x7E, 0x0C, 0x7A, 0xDC, 0x2F,
0x00, 0x00, 0x00, 0x00, 0x33, 0xDA, 0xA1, 0x6B, 0x00, 0x00, 0x2D, 0x67, 0x00, 0x00, 0x1A, 0x6F,
0x00, 0x05, 0x7C, 0x11, 0x00, 0x08, 0x7B, 0x0B, 0x00, 0x10, 0xAA, 0xEA, 0x92, 0x1F, 0x21, 0x95,
0xEB, 0x7D, 0x6B, 0x00, 0x00, 0x2D, 0x69, 0x00, 0x00, 0x1E, 0x6F, 0x00, 0x05, 0x7B, 0x11, 0x00,
0x08, 0x78, 0x0A, 0x00, 0x10, 0x7E, 0x06, 0x13, 0xB9, 0xFC, 0xFC, 0xBE, 0x36, 0x6A, 0x00, 0x00,
0x2D, 0x6A, 0x00, 0x00, 0x23, 0x6E, 0x00, 0x00, 0x7A, 0x10, 0x00, 0x08, 0x76, 0x0A, 0x00, 0x10,
0x7C, 0x06, 0x00, 0x19, 0xE9, 0x52, 0x5A, 0xED, 0x6B, 0x00, 0x00, 0x2C, 0x69, 0x00, 0x00, 0x26,
0x6C, 0x00, 0x00, 0x3E, 0x06, 0x00, 0x08, 0x76, 0x0A, 0x00, 0x10, 0x7A, 0x05, 0x00, 0x17, 0x81,
0xF6, 0x0E, 0x11, 0xF8, 0x11, 0x00, 0x2C, 0x68, 0x00, 0x00, 0x2C, 0x6A, 0x00, 0x00, 0x47, 0x45,
0x00, 0x09, 0x78, 0x0A, 0x00, 0x10, 0x7A, 0x05, 0x00, 0x16, 0x73, 0x01, 0x8E, 0xE4, 0xE5, 0x87,
0x00, 0x2B, 0x67, 0x00, 0x00, 0x33, 0x66, 0x00, 0x00, 0x42, 0x48, 0x00, 0x09, 0x79, 0x0A, 0x00,
0x10, 0x7A, 0x05, 0x00, 0x17, 0x73, 0x01, 0x00, 0x20, 0x7D, 0x24, 0x00, 0x2A, 0x66, 0x00, 0x00,
0x39, 0x64, 0x00, 0x00, 0x40, 0x4B, 0x00, 0x00, 0x7B, 0x0A, 0x00, 0x10, 0x7A, 0x05, 0x00, 0x18,
0x75, 0x01, 0x00, 0x1F, 0x6E, 0x00, 0x00, 0x2A, 0x65, 0x00, 0x00, 0x33, 0x60, 0x00, 0x00, 0x3D,
0x50, 0x00, 0x00, 0x00, 0x00, 0x00, 0x00, 0x4F, 0x3D, 0x00, 0x00, 0x2B, 0x50, 0x00, 0x00, 0x66,
0x2B, 0x00, 0x00, 0x6F, 0x1F, 0x00, 0x01, 0x75, 0x18, 0x00, 0x05, 0x7A, 0x10, 0x00, 0x09, 0x7B,
0x00, 0x00, 0x4B, 0x3E, 0x00, 0x00, 0x32, 0x53, 0x00, 0x00, 0x65, 0x2D, 0x00, 0x00, 0x6F, 0x1E,
0x00, 0x01, 0x72, 0x18, 0x00, 0x06, 0x7B, 0x0F, 0x00, 0x09, 0x7A, 0x09, 0x00, 0x48, 0x42, 0x00,
0x00, 0x39, 0x51, 0x00, 0x00, 0x66, 0x2D, 0x00, 0x0C, 0x97, 0x91, 0x10, 0x01, 0x72, 0x18, 0x00,
0x06, 0x7C, 0x0F, 0x00, 0x09, 0x78, 0x09, 0x00, 0x45, 0x48, 0x00, 0x00, 0x40, 0x4E, 0x00, 0x00,
0x66, 0x2F, 0x00, 0x01, 0xC3, 0xAA, 0xAD, 0xC7, 0x73, 0x18, 0x00, 0x06, 0x7D, 0x0F, 0x00, 0x09,
0x77, 0x09, 0x00, 0x06, 0x3F, 0x00, 0x00, 0x49, 0x4C, 0x00, 0x00, 0x66, 0x30, 0x00, 0x00, 0x76,
0xF4, 0x01, 0x03, 0xF5, 0x25, 0x00, 0x05, 0x7C, 0x0F, 0x00, 0x09, 0x76, 0x09, 0x00, 0x10, 0x79,
0x00, 0x00, 0x53, 0x4A, 0x00, 0x00, 0x67, 0x32, 0x00, 0x00, 0x6C, 0x22, 0xCE, 0x9E, 0xA5, 0xCE,
0x00, 0x05, 0x7A, 0x0F, 0x00, 0x09, 0x76, 0x09, 0x00, 0x10, 0x77, 0x04, 0x00, 0x59, 0x48, 0x00,
0x00, 0x67, 0x33, 0x00, 0x00, 0x6C, 0x21, 0x4E, 0xD9, 0xCD, 0xD0, 0xDB, 0x52, 0x78, 0x10, 0x00,
0x09, 0x77, 0x09, 0x00, 0x10, 0x75, 0x04, 0x00, 0x5D, 0x44, 0x00, 0x00, 0x66, 0x34, 0x00, 0x00,
0x6C, 0x2D, 0xA4, 0xD7, 0x4B, 0x00, 0x00, 0x4A, 0xDA, 0xAE, 0x08, 0x09, 0x7A, 0x09, 0x00, 0x10,
0x74, 0x04, 0x00, 0x0E, 0x34, 0x00, 0x00, 0x65, 0x33, 0x00, 0x00, 0x6B, 0x2E, 0xC2, 0xA6, 0x0A,
0x00, 0x00, 0x00, 0x00, 0x08, 0xA7, 0xC2, 0x7B, 0x0A, 0x00, 0x10, 0x73, 0x03, 0x00, 0x18, 0x75,
0x00, 0x00, 0x64, 0x33, 0x00, 0x00, 0x6A, 0x22, 0x9A, 0xAD, 0x02, 0x00, 0x00, 0x71, 0x6F, 0x00,
0x00, 0x01, 0xAD, 0x92, 0x00, 0x10, 0x73, 0x03, 0x00, 0x18, 0x73, 0x01, 0x00, 0x63, 0x32, 0x00,
0x00, 0x6A, 0x22, 0x28, 0xEB, 0x12, 0x00, 0x04, 0x70, 0xBE, 0xBC, 0x6F, 0x03, 0x00, 0x0F, 0xED,
0x36, 0x73, 0x03, 0x00, 0x18, 0x71, 0x01, 0x00, 0x62, 0x32, 0x00, 0x00, 0x6B, 0x22, 0x00, 0x81,
0x8A, 0x00, 0x00, 0x07, 0x82, 0xC6, 0xC4, 0x7F, 0x05, 0x00, 0x00, 0x8F, 0xB8, 0x03, 0x00, 0x18,
0x6F, 0x01, 0x00, 0x19, 0x25, 0x00, 0x00, 0x6E, 0x25, 0x00, 0x02, 0xC1, 0x57, 0x00, 0x00, 0x00,
0x00, 0x7A, 0x78, 0x00, 0x00, 0x00, 0x00, 0x60, 0xA7, 0x00, 0x18, 0x6E, 0x01, 0x00, 0x25, 0x70,
0x00, 0x00, 0x6E, 0x25, 0x00, 0x01, 0x74, 0xAC, 0x6F, 0x00, 0x00, 0x00, 0x00, 0x04, 0x03, 0x00,
0x00, 0x00, 0x00, 0x6F, 0x98, 0x19, 0x70, 0x01, 0x00, 0x24, 0x6E, 0x00, 0x00, 0x6E, 0x24, 0x00,
0x01, 0x74, 0x18, 0x3F, 0xDE, 0x17, 0x00, 0x27, 0x4A, 0x57, 0x58, 0x41, 0x1D, 0x00, 0x15, 0xDA,
0x5B, 0x73, 0x01, 0x00, 0x23, 0x6C, 0x00, 0x00, 0x6E, 0x23, 0x00, 0x01, 0x75, 0x18, 0x00, 0x05,
0xBC, 0xEE, 0xE5, 0xE2, 0xBB, 0xA6, 0xAA, 0xCA, 0xEC, 0xE2, 0xEA, 0x8C, 0x74, 0x01, 0x00, 0x23,
0x6B, 0x00, 0x00, 0x25, 0x17, 0x00, 0x01, 0x75, 0x18, 0x00, 0x05, 0x7C, 0x13, 0xDF, 0x51, 0x00,
0x00, 0x00, 0x00, 0x00, 0x00, 0x4A, 0xE1, 0x76, 0x01, 0x00, 0x22, 0x6A, 0x00, 0x00, 0x30, 0x5F,
0x00, 0x01, 0x75, 0x18, 0x00, 0x05, 0x7B, 0x11, 0x49, 0xD4, 0x22, 0x77, 0xB2, 0xD2, 0xD5, 0xC0,
0x92, 0x46, 0xD1, 0x4F, 0x00, 0x22, 0x6A, 0x00, 0x00, 0x2E, 0x5E, 0x00, 0x01, 0x75, 0x18, 0x00,
0x05, 0x7A, 0x11, 0x00, 0xB4, 0xF2, 0xE6, 0x8E, 0x4E, 0x2C, 0x27, 0x43, 0x79, 0xC7, 0xFE, 0xBD,
0x22, 0x6A, 0x00, 0x00, 0x2C, 0x5E, 0x00, 0x00, 0x75, 0x18, 0x00, 0x05, 0x7A, 0x10, 0x00, 0x09,
0xC5, 0xF7, 0x7D, 0x33, 0x0A, 0x00, 0x00, 0x08, 0x31, 0x71, 0xE9, 0xB6, 0x6B, 0x00, 0x00, 0x2C,
0x5F, 0x00, 0x00, 0x17, 0x0E, 0x00, 0x05, 0x7A, 0x10, 0x00, 0x08, 0x78, 0x0A, 0x35, 0xA4, 0xE6,
0xF5, 0xF5, 0xF5, 0xF6, 0xCB, 0x94, 0x52, 0x6D, 0x00, 0x00, 0x2C, 0x5F, 0x00, 0x00, 0x1A, 0x6E,
0x00, 0x05, 0x7A, 0x10, 0x00, 0x08, 0xAB, 0x8B, 0x7F, 0x4C, 0x9A, 0x6C, 0xDE, 0xAA, 0xB6, 0xC9,
0x54, 0x3B, 0xAC, 0x6F, 0x63, 0x4E, 0x60, 0x00, 0x00, 0x1D, 0x69, 0x00, 0x05, 0x7A, 0x10, 0x04,
0x64, 0xDF, 0xCF, 0x86, 0x82, 0xC0, 0xD3, 0xAA, 0x41, 0x04, 0x06, 0x5C, 0xB3, 0xD5, 0xBD, 0x91,
0x9A, 0xDD, 0xD0, 0x59, 0x25, 0x66, 0x00, 0x00, 0x7A, 0x10, 0x2C, 0xD7, 0xB4, 0x34, 0x00, 0x0B,
0x15, 0x18, 0x1E, 0x33, 0x6E, 0xD7, 0xD9, 0x6A, 0x3B, 0x3A, 0x43, 0x4B, 0x3B, 0x0C, 0x46, 0xC6,
0xF0, 0x18, 0x00, 0x3E, 0x06, 0x00, 0x35, 0xF9, 0x56, 0xA0, 0xE3, 0xF7, 0xEE, 0xEC, 0xF3, 0xD9,
0x99, 0x41, 0x75, 0xC7, 0xCB, 0xC3, 0xD7, 0xBC, 0xD6, 0xF2, 0x97, 0xC8, 0x90, 0x00, 0x47, 0x45,
0x00, 0x09, 0x79, 0x74, 0xEB, 0x89, 0x91, 0x04, 0x00, 0x18, 0x74, 0x02, 0x00, 0x22, 0x6F, 0x00,
0x00, 0x2B, 0x60, 0x00, 0x00, 0x44, 0xBA, 0xA0, 0x01, 0x42, 0x48, 0x00, 0x0A, 0x7B, 0x0A, 0x00,
0x1F, 0x7A, 0x05, 0x00, 0x19, 0x76, 0x02, 0x00, 0x20, 0x6A, 0x00, 0x00, 0x2A, 0x5E, 0x00, 0x00,
0x37, 0x62, 0x00, 0x00, 0x40, 0x4B, 0x00, 0x00, 0x7C, 0x0A, 0x00, 0x10, 0x7A, 0x05, 0x00, 0x18,
0x77, 0x01, 0x00, 0x1E, 0x6A, 0x00, 0x00, 0x2A, 0x62, 0x00, 0x00, 0x33, 0x5F, 0x00, 0x00, 0x3D,
0x50, 0x00, 0x00, 0x00, 0x00, 0x00, 0x00, 0x4F, 0x3D, 0x00, 0x00, 0x2A, 0x4F, 0x00, 0x00, 0x64,
0x2B, 0x00, 0x00, 0x6B, 0x1E, 0x00, 0x01, 0x75, 0x18, 0x00, 0x05, 0x7A, 0x10, 0x00, 0x0A, 0x7B,
0x00, 0x00, 0x4B, 0x3E, 0x00, 0x00, 0x34, 0x55, 0x00, 0x00, 0x63, 0x2C, 0x00, 0x00, 0x6D, 0x20,
0x00, 0x01, 0x75, 0x18, 0x00, 0x05, 0x7A, 0x10, 0x00, 0x0A, 0x7B, 0x0A, 0x00, 0x48, 0x42, 0x00,
0x00, 0x3A, 0x53, 0x00, 0x00, 0x63, 0x2D, 0x00, 0x00, 0x6D, 0x22, 0x00, 0x01, 0x75, 0x18, 0x00,
0x05, 0x7A, 0x10, 0x00, 0x0A, 0x7B, 0x0A, 0x00, 0x45, 0x48, 0x00, 0x00, 0x53, 0xCB, 0x90, 0x90,
0xA4, 0xB9, 0x90, 0x90, 0xAD, 0xB1, 0x90, 0x90, 0xB6, 0xA8, 0x90, 0x90, 0xBE, 0xA0, 0x90, 0x55,
0x7A, 0x09, 0x00, 0x06, 0x3F, 0x00, 0x00, 0x48, 0xD9, 0x7A, 0x58, 0x58, 0x58, 0x58, 0x58, 0x58,
0x58, 0x58, 0x58, 0x58, 0x58, 0x58, 0x58, 0x58, 0x58, 0x58, 0x84, 0xCA, 0x09, 0x00, 0x10, 0x79,
0x00, 0x00, 0x53, 0x4C, 0xA7, 0x86, 0x68, 0x68, 0x68, 0x68, 0x68, 0x68, 0x68, 0x68, 0x68, 0x68,
0x68, 0x68, 0x68, 0x68, 0x68, 0x68, 0x90, 0x9D, 0x00, 0x10, 0x78, 0x04, 0x00, 0x59, 0x49, 0x00,
0x47, 0xDA, 0xC6, 0x80, 0x80, 0x80, 0x80, 0x80, 0x80, 0x80, 0x80, 0x80, 0x80, 0x80, 0x80, 0x80,
0x80, 0xCE, 0xA3, 0x40, 0x10, 0x76, 0x04, 0x00, 0x5D, 0x45, 0x00, 0x00, 0x60, 0x84, 0x8C, 0x00,
0x00, 0x00, 0x00, 0x00, 0x00, 0x00, 0x00, 0x00, 0x00, 0x00, 0x00, 0x00, 0x00, 0x9C, 0x44, 0x10,
0x74, 0x04, 0x00, 0x0E, 0x34, 0x00, 0x00, 0x5D, 0x2C, 0x2E, 0xD8, 0x1E, 0x00, 0x00, 0x00, 0x00,
0x00, 0x00, 0x00, 0x00, 0x00, 0x00, 0x00, 0x00, 0x27, 0xDC, 0x35, 0x74, 0x03, 0x00, 0x18, 0x75,
0x00, 0x00, 0x5B, 0x2C, 0x00, 0x00, 0x8E, 0xD4, 0x1B, 0x00, 0x00, 0x00, 0x00, 0x00, 0x00, 0x00,
0x00, 0x00, 0x00, 0x24, 0xDB, 0x52, 0x75, 0x03, 0x00, 0x18, 0x73, 0x01, 0x00, 0x5C, 0x2D, 0x00,
0x00, 0x6D, 0x22, 0x4B, 0xD3, 0x0D, 0x00, 0x00, 0x00, 0x00, 0x00, 0x00, 0x00, 0x00, 0x15, 0xD7,
0x53, 0x76, 0x03, 0x00, 0x18, 0x71, 0x01, 0x00, 0x5D, 0x2F, 0x00, 0x00, 0x68, 0x22, 0x00, 0x01,
0xC9, 0x28, 0x00, 0x00, 0x00, 0x00, 0x00, 0x00, 0x00, 0x00, 0x38, 0xBB, 0x78, 0x03, 0x00, 0x18,
0x6F, 0x01, 0x00, 0x18, 0x24, 0x00, 0x00, 0x6C, 0x22, 0x00, 0x01, 0x73, 0xCF, 0x28, 0x00, 0x00,
0x00, 0x00, 0x00, 0x00, 0x00, 0x00, 0x38, 0xC6, 0x03, 0x00, 0x19, 0x6E, 0x01, 0x00, 0x22, 0x6D,
0x00, 0x00, 0x6D, 0x22, 0x00, 0x01, 0x74, 0x1B, 0xB8, 0x28, 0x00, 0x00, 0x00, 0x00, 0x00, 0x00,
0x00, 0x00, 0x38, 0xA8, 0x00, 0x1A, 0x70, 0x01, 0x00, 0x23, 0x6C, 0x00, 0x00, 0x6D, 0x22, 0x00,
0x01, 0x74, 0x1A, 0x00, 0xB8, 0x28, 0x00, 0x00, 0x00, 0x00, 0x00, 0x00, 0x00, 0x00, 0x38, 0xA8,
0x1B, 0x71, 0x01, 0x00, 0x23, 0x6C, 0x00, 0x00, 0x6E, 0x22, 0x00, 0x01, 0x75, 0x19, 0x00, 0x03,
0xCE, 0x28, 0x00, 0x00, 0x00, 0x00, 0x00, 0x00, 0x00, 0x00, 0x38, 0xC1, 0x72, 0x01, 0x00, 0x24,
0x6C, 0x00, 0x00, 0x25, 0x17, 0x00, 0x01, 0x75, 0x18, 0x00, 0x04, 0x77, 0xC8, 0x28, 0x00, 0x00,
0x00, 0x00, 0x00, 0x00, 0x00, 0x00, 0x38, 0xBF, 0x01, 0x00, 0x24, 0x6E, 0x00, 0x00, 0x30, 0x5F,
0x00, 0x01, 0x75, 0x18, 0x00, 0x04, 0x78, 0x11, 0xB8, 0x28, 0x00, 0x00, 0x00, 0x00, 0x00, 0x00,
0x00, 0x00, 0x38, 0xA8, 0x00, 0x24, 0x6D, 0x00, 0x00, 0x2F, 0x5F, 0x00, 0x01, 0x75, 0x18, 0x00,
0x04, 0x79, 0x11, 0x00, 0xB8, 0x28, 0x00, 0x00, 0x00, 0x00, 0x00, 0x00, 0x00, 0x00, 0x38, 0xA8,
0x24, 0x6D, 0x00, 0x00, 0x2F, 0x60, 0x00, 0x00, 0x75, 0x18, 0x00, 0x05, 0x7A, 0x10, 0x00, 0x62,
0xD5, 0x10, 0x00, 0x00, 0x00, 0x00, 0x00, 0x00, 0x00, 0x00, 0x18, 0xDA, 0x9E, 0x00, 0x00, 0x2E,
0x60, 0x00, 0x00, 0x17, 0x0E, 0x00, 0x05, 0x7A, 0x10, 0x00, 0x82, 0xCC, 0x23, 0x10, 0x10, 0x10,
0x10, 0x10, 0x10, 0x10, 0x10, 0x10, 0x10, 0x2A, 0xD4, 0x7B, 0x2D, 0x5F, 0x00, 0x00, 0x18, 0x6F,
0x00, 0x05, 0x7A, 0x10, 0x00, 0x4C, 0xED, 0xD8, 0xD8, 0xD8, 0xD8, 0xD8, 0xD8, 0xD8, 0xD8, 0xD8,
0xD8, 0xD8, 0xD8, 0xD8, 0xD8, 0xF0, 0x79, 0x00, 0x00, 0x1A, 0x6B, 0x00, 0x05, 0x7A, 0x10, 0x00,
0x0A, 0xAB, 0x8C, 0x00, 0x00, 0x00, 0x00, 0x00, 0x00, 0x00, 0x00, 0x00, 0x00, 0x00, 0x00, 0x00,
0x00, 0x9C, 0x48, 0x00, 0x22, 0x6B, 0x00, 0x00, 0x7A, 0x10, 0x00, 0x0A, 0x7B, 0x62, 0x8C, 0x00,
0x31, 0xDF, 0xE0, 0xDF, 0x25, 0x00, 0x00, 0x31, 0xDF, 0xE0, 0xDF, 0x25, 0x00, 0x9C, 0x48, 0x29,
0x6D, 0x00, 0x00, 0x3E, 0x06, 0x00, 0x0A, 0x7B, 0x0A, 0x55, 0x98, 0x1C, 0x5B, 0x9C, 0x17, 0xD8,
0x4D, 0x1C, 0x1C, 0x5B, 0x9C, 0x00, 0xA8, 0x4D, 0x1C, 0xA6, 0x76, 0x6B, 0x00, 0x00, 0x47, 0x45,
0x00, 0x0A, 0x7B, 0x0A, 0x00, 0x44, 0xD7, 0xC4, 0xC6, 0x80, 0x75, 0x77, 0xC4, 0xDC, 0xCD, 0xC5,
0x6A, 0x2A, 0xA9, 0xC4, 0xC5, 0xE6, 0x78, 0x00, 0x00, 0x42, 0x48, 0x00, 0x0A, 0x7B, 0x0A, 0x00,
0x10, 0x77, 0x05, 0x00, 0x16, 0x71, 0x02, 0x00, 0x23, 0x6C, 0x00, 0x00, 0x28, 0x61, 0x00, 0x00,
0x38, 0x64, 0x00, 0x00, 0x40, 0x4B, 0x00, 0x00, 0x7C, 0x0A, 0x00, 0x10, 0x79, 0x04, 0x00, 0x18,
0x74, 0x01, 0x00, 0x1F, 0x6C, 0x00, 0x00, 0x2A, 0x64, 0x00, 0x00, 0x33, 0x60, 0x00, 0x00, 0x3D,
0x50, 0x00, 0x00, 0x00, 0x00, 0x00, 0x00, 0x4F, 0x3D, 0x00, 0x00, 0x2B, 0x50, 0x00, 0x00, 0x68,
0x2C, 0x00, 0x00, 0x6B, 0x1E, 0x00, 0x02, 0x75, 0x18, 0x00, 0x06, 0x79, 0x10, 0x00, 0x09, 0x7B,
0x00, 0x00, 0x4B, 0x3E, 0x00, 0x00, 0x32, 0x53, 0x00, 0x00, 0x69, 0x2C, 0x00, 0x00, 0x6F, 0x1E,
0x00, 0x03, 0x76, 0x16, 0x00, 0x06, 0x7A, 0x0E, 0x00, 0x09, 0x7A, 0x0A, 0x00, 0x48, 0x42, 0x00,
0x00, 0x39, 0x51, 0x00, 0x00, 0x67, 0x2B, 0x00, 0x00, 0x70, 0x1F, 0x00, 0x02, 0x76, 0x15, 0x00,
0x05, 0x7B, 0x0E, 0x00, 0x09, 0x79, 0x0A, 0x00, 0x45, 0x48, 0x00, 0x00, 0x40, 0x5A, 0x0C, 0x0C,
0x68, 0x39, 0x0C, 0x0C, 0x73, 0x2E, 0x0C, 0x0C, 0x7A, 0x23, 0x0C, 0x0E, 0x80, 0x1B, 0x0C, 0x09,
0x7A, 0x0A, 0x00, 0x06, 0x3F, 0x00, 0x00, 0x49, 0x50, 0xFF, 0xFF, 0xFF, 0xFF, 0xFF, 0xFF, 0xFF,
0xFF, 0xFF, 0xFF, 0xFF, 0xFF, 0xFF, 0xFF, 0xFF, 0xFF, 0xFF, 0xFF, 0x7E, 0x0A, 0x00, 0x10, 0x7A,
0x00, 0x00, 0x53, 0x4A, 0x03, 0xFF, 0xF3, 0xA8, 0xA5, 0xA2, 0xA2, 0x9F, 0x99, 0x9C, 0xA2, 0x9F,
0x9C, 0xA0, 0xA3, 0xA0, 0xA4, 0xF1, 0xFD, 0x0C, 0x00, 0x11, 0x7A, 0x05, 0x00, 0x59, 0x48, 0x00,
0x00, 0x64, 0xB5, 0x98, 0x93, 0x92, 0x90, 0x90, 0x91, 0x92, 0x92, 0x93, 0x94, 0x95, 0x95, 0x96,
0x99, 0xB9, 0x08, 0x00, 0x11, 0x79, 0x04, 0x00, 0x5D, 0x44, 0x00, 0x00, 0x5E, 0x2E, 0x9C, 0xF8,
0xFF, 0xFF, 0xFF, 0xFF, 0xFF, 0xFF, 0xFF, 0xFF, 0xFF, 0xFF, 0xFF, 0xFF, 0xFE, 0x9C, 0x00, 0x11,
0x79, 0x04, 0x00, 0x0E, 0x34, 0x00, 0x00, 0x59, 0x2D, 0x00, 0x6B, 0xF9, 0xFF, 0xFF, 0xFF, 0xFF,
0xFF, 0xFF, 0xFF, 0xFF, 0xFF, 0xFF, 0xFF, 0xFE, 0xF3, 0x68, 0x12, 0x79, 0x04, 0x00, 0x18, 0x75,
0x00, 0x00, 0x58, 0x2C, 0x00, 0x00, 0x6A, 0x9C, 0xFF, 0xFF, 0xFF, 0xFF, 0xFF, 0xFF, 0xFF, 0xFF,
0xFF, 0xFF, 0xFF, 0xFF, 0x8A, 0x12, 0x79, 0x04, 0x00, 0x19, 0x75, 0x01, 0x00, 0x5B, 0x2D, 0x00,
0x00, 0x6A, 0x24, 0x00, 0x96, 0xFF, 0xFF, 0xFF, 0xFF, 0xFF, 0xFF, 0xFF, 0xFF, 0xFF, 0xFC, 0x9C,
0x13, 0x79, 0x04, 0x00, 0x19, 0x75, 0x01, 0x00, 0x5D, 0x2F, 0x00, 0x00, 0x6B, 0x23, 0x00, 0x01,
0x91, 0xFF, 0xFF, 0xFF, 0xFF, 0xFF, 0xFF, 0xFF, 0xFF, 0xF8, 0xF9, 0x57, 0x78, 0x04, 0x00, 0x1A,
0x74, 0x01, 0x00, 0x18, 0x24, 0x00, 0x00, 0x6D, 0x22, 0x00, 0x01, 0x73, 0x5F, 0xFF, 0xFF, 0xFF,
0xFF, 0xFF, 0xFF, 0xFF, 0xFF, 0xFF, 0xFF, 0x9A, 0x03, 0x00, 0x1A, 0x74, 0x01, 0x00, 0x22, 0x6D,
0x00, 0x00, 0x6D, 0x22, 0x00, 0x01, 0x73, 0x1B, 0x44, 0xFF, 0xFF, 0xFF, 0xFF, 0xFF, 0xFF, 0xFF,
0xFF, 0xFF, 0xFF, 0x44, 0x00, 0x1A, 0x73, 0x01, 0x00, 0x22, 0x6D, 0x00, 0x00, 0x6D, 0x22, 0x00,
0x01, 0x73, 0x1A, 0x00, 0x44, 0xFF, 0xFF, 0xFF, 0xFF, 0xFF, 0xFF, 0xFF, 0xFF, 0xFF, 0xFF, 0x44,
0x1B, 0x73, 0x01, 0x00, 0x22, 0x6D, 0x00, 0x00, 0x6E, 0x22, 0x00, 0x01, 0x74, 0x1A, 0x00, 0x03,
0x9A, 0xFF, 0xFF, 0xFF, 0xFF, 0xFF, 0xFF, 0xFF, 0xFF, 0xFF, 0xFF, 0x5F, 0x73, 0x01, 0x00, 0x22,
0x6E, 0x00, 0x00, 0x25, 0x17, 0x00, 0x01, 0x74, 0x1A, 0x00, 0x04, 0x78, 0x57, 0xFF, 0xFF, 0xFF,
0xFF, 0xFF, 0xFF, 0xFF, 0xFF, 0xFF, 0xFF, 0x92, 0x01, 0x00, 0x22, 0x6C, 0x00, 0x00, 0x30, 0x5F,
0x00, 0x01, 0x75, 0x19, 0x00, 0x04, 0x79, 0x12, 0x44, 0xFF, 0xFF, 0xFF, 0xFF, 0xFF, 0xFF, 0xFF,
0xFF, 0xFF, 0xFF, 0x48, 0x00, 0x22, 0x6A, 0x00, 0x00, 0x2F, 0x5F, 0x00, 0x01, 0x75, 0x19, 0x00,
0x04, 0x79, 0x12, 0x00, 0x44, 0xFF, 0xFF, 0xFF, 0xFF, 0xFF, 0xFF, 0xFF, 0xFF, 0xFF, 0xFC, 0x4C,
0x23, 0x69, 0x00, 0x00, 0x2F, 0x5F, 0x00, 0x00, 0x75, 0x18, 0x00, 0x04, 0x79, 0x12, 0x00, 0x11,
0xBB, 0xFE, 0xFF, 0xFF, 0xFF, 0xFF, 0xFF, 0xFF, 0xFF, 0xFF, 0xFF, 0xB7, 0x72, 0x00, 0x00, 0x2E,
0x61, 0x00, 0x00, 0x16, 0x0E, 0x00, 0x04, 0x79, 0x11, 0x00, 0x1E, 0xB4, 0xD4, 0xD4, 0xD4, 0xD5,
0xD4, 0xD4, 0xD5, 0xD5, 0xD4, 0xD4, 0xD6, 0xD4, 0xB3, 0x1E, 0x2D, 0x61, 0x00, 0x00, 0x1A, 0x6F,
0x00, 0x04, 0x79, 0x11, 0x00, 0x0A, 0x96, 0x54, 0x54, 0x54, 0x54, 0x54, 0x54, 0x54, 0x54, 0x54,
0x54, 0x54, 0x54, 0x54, 0x54, 0x98, 0x62, 0x00, 0x00, 0x1E, 0x6F, 0x00, 0x05, 0x7A, 0x11, 0x00,
0x0A, 0x7C, 0xFF, 0xFF, 0xFF, 0xFF, 0xFF, 0xFF, 0xFF, 0xFF, 0xFF, 0xFF, 0xFF, 0xFF, 0xFF, 0xFF,
0xFF, 0xFF, 0x04, 0x00, 0x23, 0x6E, 0x00, 0x00, 0x7A, 0x10, 0x00, 0x0A, 0x7A, 0x0D, 0xFF, 0xFF,
0xFF, 0x6D, 0x4C, 0x64, 0xFD, 0xFF, 0xFF, 0xFD, 0x8F, 0x4C, 0x6D, 0xFF, 0xFF, 0xFF, 0x04, 0x26,
0x6C, 0x00, 0x00, 0x3E, 0x06, 0x00, 0x0A, 0x7B, 0x09, 0x03, 0xF8, 0xF6, 0xF4, 0x2D, 0x18, 0x75,
0xE9, 0xF4, 0xF9, 0xEA, 0x00, 0x00, 0x46, 0xF4, 0xF4, 0xF4, 0x30, 0x6A, 0x00, 0x00, 0x47, 0x45,
0x00, 0x0A, 0x7B, 0x0A, 0x00, 0x0E, 0x7A, 0x05, 0x00, 0x18, 0x75, 0x01, 0x00, 0x23, 0x6F, 0x00,
0x00, 0x2B, 0x64, 0x00, 0x00, 0x33, 0x66, 0x00, 0x00, 0x42, 0x48, 0x00, 0x0A, 0x7B, 0x0A, 0x00,
0x0E, 0x78, 0x05, 0x00, 0x18, 0x75, 0x02, 0x00, 0x22, 0x72, 0x00, 0x00, 0x29, 0x63, 0x00, 0x00,
0x39, 0x64, 0x00, 0x00, 0x40, 0x4B, 0x00, 0x00, 0x7C, 0x0A, 0x00, 0x10, 0x79, 0x05, 0x00, 0x18,
0x75, 0x01, 0x00, 0x1E, 0x6D, 0x00, 0x00, 0x2A, 0x64, 0x00, 0x00, 0x33, 0x60, 0x00, 0x00, 0x3D,
0x50, 0x00, 0x00, 0x00, 0x00, 0x00, 0x00, 0x52, 0x42, 0x00, 0x00, 0x2A, 0x52, 0x00, 0x00, 0x66,
0x29, 0x00, 0x00, 0x6E, 0x1E, 0x00, 0x01, 0x72, 0x18, 0x00, 0x05, 0x7A, 0x10, 0x00, 0x0A, 0x7B,
0x00, 0x0A, 0x62, 0x7B, 0x34, 0x34, 0x49, 0x88, 0x34, 0x34, 0x7E, 0x5F, 0x34, 0x34, 0x88, 0x4B,
0x22, 0x17, 0x73, 0x17, 0x00, 0x05, 0x7A, 0x10, 0x00, 0x0A, 0x7B, 0x0A, 0x00, 0x60, 0xBA, 0xF2,
0xD4, 0x94, 0x7E, 0x76, 0x70, 0x69, 0x64, 0x60, 0x61, 0x65, 0x61, 0x60, 0x60, 0x60, 0x5A, 0x8A,
0x05, 0x7A, 0x10, 0x00, 0x0A, 0x7B, 0x0A, 0x00, 0x46, 0x73, 0x73, 0xA5, 0x29, 0x00, 0x00, 0x00,
0x00, 0x00, 0x00, 0x00, 0x00, 0x00, 0x00, 0x00, 0x00, 0x00, 0x3F, 0x92, 0x7B, 0x10, 0x00, 0x0A,
0x7B, 0x0A, 0x00, 0x06, 0x3F, 0x1A, 0x8A, 0x66, 0x43, 0x00, 0x00, 0x00, 0x00, 0x00, 0x00, 0x00,
0x00, 0x00, 0x00, 0x00, 0x00, 0x06, 0xCB, 0x92, 0x10, 0x00, 0x0A, 0x7B, 0x0A, 0x00, 0x11, 0x7A,
0x00, 0x02, 0xAE, 0x31, 0x66, 0x00, 0x00, 0x00, 0x00, 0x00, 0x00, 0x00, 0x00, 0x00, 0x00, 0x00,
0x00, 0x82, 0xCA, 0x10, 0x00, 0x0A, 0x7B, 0x0A, 0x00, 0x13, 0x79, 0x04, 0x00, 0x56, 0xCA, 0x07,
0x91, 0x00, 0x00, 0x00, 0x00, 0x00, 0x00, 0x00, 0x00, 0x00, 0x00, 0x00, 0x2F, 0xC8, 0x10, 0x00,
0x09, 0x7B, 0x0A, 0x00, 0x13, 0x7D, 0x04, 0x00, 0x5D, 0x43, 0xA5, 0x0F, 0xA3, 0x00, 0x00, 0x00,
0x00, 0x00, 0x00, 0x00, 0x00, 0x00, 0x00, 0x03, 0xC8, 0x26, 0x00, 0x09, 0x7B, 0x13, 0x53, 0x62,
0x84, 0x05, 0x00, 0x0E, 0x34, 0x00, 0x70, 0x40, 0xA3, 0x0A, 0x00, 0x00, 0x00, 0x00, 0x00, 0x00,
0x00, 0x00, 0x00, 0x59, 0x80, 0x00, 0x09, 0x7A, 0x4C, 0xA0, 0x9C, 0xFA, 0xD4, 0x1F, 0x18, 0x74,
0x00, 0x00, 0x74, 0x77, 0x70, 0x41, 0x00, 0x00, 0x00, 0x00, 0x00, 0x00, 0x00, 0x00, 0x00, 0xB0,
0x0A, 0x09, 0x79, 0x6E, 0xAB, 0x06, 0x63, 0x5F, 0x33, 0xC3, 0x73, 0x01, 0x00, 0x57, 0x32, 0xA7,
0x34, 0x7D, 0x00, 0x00, 0x00, 0x00, 0x00, 0x00, 0x00, 0x00, 0x30, 0x75, 0x09, 0x78, 0x6C, 0xB2,
0x05, 0x00, 0x5B, 0x02, 0xC2, 0xC4, 0x28, 0x00, 0x5B, 0x2D, 0x00, 0xAA, 0x0B, 0xB2, 0x00, 0x00,
0x00, 0x00, 0x00, 0x00, 0x00, 0x00, 0x94, 0x1E, 0x78, 0x63, 0xC3, 0x09, 0x00, 0x00, 0x2D, 0x00,
0x64, 0x65, 0x2F, 0x18, 0x24, 0x00, 0x00, 0xA3, 0x4B, 0xA4, 0x0F, 0x00, 0x00, 0x00, 0x00, 0x00,
0x00, 0x0C, 0xD7, 0x78, 0x76, 0xD2, 0x11, 0x00, 0x00, 0x00, 0x07, 0x00, 0x09, 0xBF, 0x24, 0x6D,
0x00, 0x00, 0x6C, 0x42, 0xA4, 0x5A, 0x56, 0x00, 0x00, 0x00, 0x00, 0x00, 0x00, 0x65, 0xDF, 0xE7,
0xEA, 0x21, 0x00, 0x00, 0x00, 0x00, 0x00, 0x00, 0x8F, 0x82, 0x6D, 0x00, 0x00, 0x6D, 0x25, 0x00,
0xBC, 0x23, 0xAC, 0x00, 0x00, 0x00, 0x00, 0x00, 0x00, 0xB9, 0x43, 0xF8, 0x3B, 0x00, 0x00, 0x00,
0x00, 0x00, 0x00, 0x35, 0xE1, 0x6F, 0x00, 0x00, 0x6D, 0x24, 0x00, 0x01, 0xA5, 0x89, 0xA6, 0x1E,
0x00, 0x00, 0x00, 0x00, 0x17, 0xAC, 0x45, 0x5E, 0x00, 0x00, 0x00, 0x00, 0x00, 0x00, 0x00, 0xBE,
0x8B, 0x00, 0x00, 0x25, 0x18, 0x00, 0x01, 0x75, 0x1F, 0xD6, 0x66, 0x7A, 0x00, 0x00, 0x00, 0x00,
0x57, 0x44, 0x15, 0x00, 0x00, 0x00, 0x00, 0x00, 0x00, 0x00, 0x3C, 0xA9, 0x00, 0x00, 0x2F, 0x5E,
0x00, 0x01, 0x75, 0x18, 0x00, 0x51, 0xB7, 0x54, 0x00, 0x00, 0x00, 0x00, 0x21, 0x00, 0x00, 0x00,
0x00, 0x00, 0x00, 0x00, 0x00, 0x00, 0xAE, 0x2E, 0x00, 0x2E, 0x5C, 0x00, 0x01, 0x75, 0x18, 0x00,
0x04, 0x7B, 0x9D, 0x6A, 0x00, 0x00, 0x00, 0x00, 0x00, 0x00, 0x00, 0x00, 0x00, 0x0C, 0xBF, 0x59,
0x00, 0x10, 0xBC, 0x00, 0x2C, 0x5B, 0x00, 0x00, 0x75, 0x18, 0x00, 0x05, 0x7A, 0x12, 0x04, 0xBB,
0x49, 0x00, 0x00, 0x00, 0x00, 0x00, 0x00, 0x00, 0x00, 0x06, 0xCF, 0xB8, 0x00, 0x65, 0x65, 0x2C,
0x5B, 0x00, 0x00, 0x16, 0x0E, 0x00, 0x05, 0x7B, 0x11, 0x00, 0x09, 0x7C, 0xCA, 0x41, 0x00, 0x00,
0x00, 0x00, 0x00, 0x00, 0x00, 0x00, 0x04, 0x0A, 0x00, 0xB4, 0x3D, 0x5D, 0x00, 0x00, 0x1A, 0x6F,
0x00, 0x05, 0x7A, 0x10, 0x00, 0x09, 0x7A, 0x09, 0x18, 0xCF, 0x54, 0x00, 0x00, 0x00, 0x00, 0x00,
0x00, 0x00, 0x00, 0x00, 0x09, 0xD1, 0x60, 0x00, 0x00, 0x1E, 0x6F, 0x00, 0x05, 0x7A, 0x10, 0x00,
0x09, 0x78, 0x09, 0x00, 0x0F, 0x7E, 0xC4, 0x7A, 0x00, 0x00, 0x00, 0x00, 0x00, 0x00, 0x00, 0x00,
0x46, 0x87, 0x00, 0x00, 0x23, 0x6E, 0x00, 0x00, 0x7A, 0x10, 0x00, 0x09, 0x76, 0x09, 0x00, 0x0E,
0x79, 0x05, 0x06, 0xA5, 0xBA, 0x39, 0x6A, 0x2E, 0x00, 0x7E, 0x38, 0x00, 0x74, 0x2C, 0x00, 0x26,
0x6C, 0x00, 0x00, 0x3E, 0x06, 0x00, 0x09, 0x76, 0x09, 0x00, 0x0D, 0x76, 0x05, 0x00, 0x18, 0x75,
0x40, 0x92, 0xE8, 0x82, 0x00, 0xE9, 0xCD, 0x6B, 0x7B, 0x0C, 0x2C, 0x6A, 0x00, 0x00, 0x47, 0x45,
0x00, 0x09, 0x78, 0x09, 0x00, 0x0E, 0x75, 0x05, 0x00, 0x18, 0x75, 0x01, 0x00, 0x23, 0x73, 0xB4,
0x20, 0xA8, 0x62, 0x8B, 0x73, 0x33, 0x66, 0x00, 0x00, 0x42, 0x48, 0x00, 0x09, 0x79, 0x09, 0x00,
0x0F, 0x77, 0x05, 0x00, 0x18, 0x75, 0x02, 0x00, 0x22, 0x6C, 0x00, 0x31, 0xC3, 0x7A, 0x00, 0x00,
0x39, 0x64, 0x00, 0x00, 0x40, 0x4B, 0x00, 0x00, 0x7B, 0x09, 0x00, 0x10, 0x79, 0x05, 0x00, 0x18,
0x75, 0x01, 0x00, 0x1E, 0x6B, 0x00, 0x00, 0x2A, 0x64, 0x00, 0x00, 0x33, 0x60, 0x00, 0x00, 0x3D,
0x50, 0x00, 0x00, 0x00, 0x00, 0x00, 0x00, 0x52, 0x42, 0x00, 0x00, 0x2A, 0x52, 0x00, 0x00, 0x66,
0x29, 0x00, 0x00, 0x6E, 0x1E, 0x00, 0x01, 0x72, 0x18, 0x00, 0x05, 0x7A, 0x10, 0x00, 0x0A, 0x7B,
0x00, 0x0A, 0x62, 0x7B, 0x34, 0x34, 0x49, 0x88, 0x34, 0x34, 0x7E, 0x5F, 0x34, 0x34, 0x88, 0x4B,
0x22, 0x17, 0x73, 0x17, 0x00, 0x05, 0x7A, 0x10, 0x00, 0x0A, 0x7B, 0x0A, 0x00, 0x60, 0xFF, 0xF0,
0xFF, 0xFF, 0xFF, 0xFF, 0xFF, 0xFF, 0xFF, 0xFF, 0xFF, 0xFF, 0xFF, 0xFF, 0xFF, 0xFF, 0xFA, 0xA8,
0x05, 0x7A, 0x10, 0x00, 0x0A, 0x7B, 0x0A, 0x00, 0x46, 0x73, 0xFF, 0xB0, 0xF2, 0xFF, 0xFF, 0xFF,
0xFF, 0xFF, 0xFF, 0xFF, 0xFF, 0xFF, 0xFF, 0xFF, 0xFF, 0xFF, 0xFF, 0x92, 0x7B, 0x10, 0x00, 0x0A,
0x7B, 0x0A, 0x00, 0x06, 0x3F, 0x1A, 0xFF, 0xBA, 0xC2, 0xFF, 0xFF, 0xFF, 0xFF, 0xFF, 0xFF, 0xFF,
0xFF, 0xFF, 0xFF, 0xFF, 0xFF, 0xFF, 0xF7, 0x92, 0x10, 0x00, 0x0A, 0x7B, 0x0A, 0x00, 0x11, 0x7A,
0x00, 0x02, 0xF9, 0xD3, 0x8A, 0xFF, 0xFF, 0xFF, 0xFF, 0xFF, 0xFF, 0xFF, 0xFF, 0xFF, 0xFF, 0xFF,
0xFF, 0xFF, 0xCA, 0x10, 0x00, 0x0A, 0x7B, 0x0A, 0x00, 0x13, 0x79, 0x04, 0x00, 0x56, 0xEC, 0xF4,
0x5B, 0xFF, 0xFF, 0xFF, 0xFF, 0xFF, 0xFF, 0xFF, 0xFF, 0xFF, 0xFF, 0xFF, 0xFF, 0xCD, 0x10, 0x00,
0x09, 0x7B, 0x0A, 0x00, 0x13, 0x7D, 0x04, 0x00, 0x5D, 0x43, 0xA6, 0xFF, 0x51, 0xFF, 0xFF, 0xFF,
0xFF, 0xFF, 0xFF, 0xFF, 0xFF, 0xFF, 0xFF, 0xFF, 0xF7, 0x26, 0x00, 0x09, 0x7B, 0x13, 0x53, 0x62,
0x84, 0x05, 0x00, 0x0E, 0x34, 0x00, 0x70, 0xFF, 0x5C, 0xFA, 0xFF, 0xFF, 0xFF, 0xFF, 0xFF, 0xFF,
0xFF, 0xFF, 0xFF, 0xFF, 0x80, 0x00, 0x09, 0x7A, 0x4C, 0xE0, 0xF7, 0xB4, 0xE6, 0x1F, 0x18, 0x74,
0x00, 0x00, 0x74, 0xFF, 0x8F, 0xC8, 0xFF, 0xFF, 0xFF, 0xFF, 0xFF, 0xFF, 0xFF, 0xFF, 0xFF, 0xE7,
0x0A, 0x09, 0x79, 0x6E, 0xFB, 0xFF, 0xA9, 0xA3, 0xFE, 0xC2, 0x73, 0x01, 0x00, 0x57, 0x32, 0xF4,
0xCC, 0x8F, 0xFF, 0xFF, 0xFF, 0xFF, 0xFF, 0xFF, 0xFF, 0xFF, 0xFF, 0x75, 0x09, 0x78, 0x6C, 0xFE,
0xFF, 0xFF, 0x6E, 0xE7, 0x44, 0xBD, 0x28, 0x00, 0x5B, 0x2D, 0x00, 0xB7, 0xFD, 0x59, 0xFF, 0xFF,
0xFF, 0xFF, 0xFF, 0xFF, 0xFF, 0xFF, 0xFD, 0x1E, 0x78, 0x63, 0xFD, 0xFF, 0xFF, 0xFF, 0x9F, 0xFF,
0x90, 0xFF, 0x2F, 0x18, 0x24, 0x00, 0x00, 0xA3, 0xFF, 0x5E, 0xF6, 0xFF, 0xFF, 0xFF, 0xFF, 0xFF,
0xFF, 0xFF, 0xE5, 0x78, 0x76, 0xFC, 0xFF, 0xFF, 0xFF, 0xFF, 0xFF, 0xFF, 0xFF, 0xE4, 0x24, 0x6D,
0x00, 0x00, 0x6C, 0x42, 0xFE, 0xA5, 0xAC, 0xFF, 0xFF, 0xFF, 0xFF, 0xFF, 0xFF, 0xCE, 0xFF, 0xE7,
0xFF, 0xFF, 0xFF, 0xFF, 0xFF, 0xFF, 0xFF, 0xFF, 0xFF, 0x82, 0x6D, 0x00, 0x00, 0x6D, 0x25, 0x00,
0xC6, 0xF3, 0x4C, 0xFF, 0xFF, 0xFF, 0xFF, 0xFF, 0xFF, 0x69, 0xFF, 0xEA, 0xFF, 0xFF, 0xFF, 0xFF,
0xFF, 0xFF, 0xFF, 0xFF, 0xE4, 0x6F, 0x00, 0x00, 0x6D, 0x24, 0x00, 0x01, 0xA5, 0xFF, 0x5D, 0xDF,
0xFF, 0xFF, 0xFF, 0xFF, 0xEA, 0x61, 0xCF, 0xA9, 0xFF, 0xFF, 0xFF, 0xFF, 0xFF, 0xFF, 0xFF, 0xFF,
0x8B, 0x00, 0x00, 0x25, 0x18, 0x00, 0x01, 0x75, 0x1F, 0xDF, 0xBD, 0x95, 0xFF, 0xFF, 0xFF, 0xFF,
0xAA, 0xB5, 0xA2, 0xFC, 0xFF, 0xFF, 0xFF, 0xFF, 0xFF, 0xFF, 0xFF, 0xA9, 0x00, 0x00, 0x2F, 0x5E,
0x00, 0x01, 0x75, 0x18, 0x00, 0x51, 0xFF, 0xAD, 0xFF, 0xFF, 0xFF, 0xFF, 0xDB, 0xFE, 0xFF, 0xFF,
0xFF, 0xFF, 0xFF, 0xFF, 0xFF, 0xFF, 0xFF, 0x2E, 0x00, 0x2E, 0x5C, 0x00, 0x01, 0x75, 0x18, 0x00,
0x04, 0x7B, 0x9D, 0xFF, 0xFF, 0xFF, 0xFF, 0xFF, 0xFF, 0xFF, 0xFF, 0xFF, 0xFF, 0xF3, 0x44, 0xA2,
0xFF, 0xFF, 0xC3, 0x00, 0x2C, 0x5B, 0x00, 0x00, 0x75, 0x18, 0x00, 0x05, 0x7A, 0x12, 0x04, 0xC0,
0xFF, 0xFF, 0xFF, 0xFF, 0xFF, 0xFF, 0xFF, 0xFF, 0xFF, 0xF9, 0x2D, 0x4F, 0xFF, 0xFF, 0x65, 0x2C,
0x5B, 0x00, 0x00, 0x16, 0x0E, 0x00, 0x05, 0x7B, 0x11, 0x00, 0x09, 0x7C, 0xD6, 0xFF, 0xFF, 0xFF,
0xFF, 0xFF, 0xFF, 0xFF, 0xFF, 0xFF, 0xFA, 0xF8, 0xFF, 0xF8, 0x3D, 0x5D, 0x00, 0x00, 0x1A, 0x6F,
0x00, 0x05, 0x7A, 0x10, 0x00, 0x09, 0x7A, 0x09, 0x18, 0xD6, 0xFF, 0xFF, 0xFF, 0xFF, 0xFF, 0xFF,
0xFF, 0xFF, 0xFF, 0xFF, 0xFF, 0xD8, 0x60, 0x00, 0x00, 0x1E, 0x6F, 0x00, 0x05, 0x7A, 0x10, 0x00,
0x09, 0x78, 0x09, 0x00, 0x0F, 0x7E, 0xC7, 0xFF, 0xFF, 0xFF, 0xFF, 0xFF, 0xFF, 0xFF, 0xFF, 0xFF,
0xFF, 0x88, 0x00, 0x00, 0x23, 0x6E, 0x00, 0x00, 0x7A, 0x10, 0x00, 0x09, 0x76, 0x09, 0x00, 0x0E,
0x79, 0x05, 0x06, 0xA5, 0xFF, 0xFF, 0xFF, 0xFF, 0xFF, 0xFF, 0xFF, 0xFF, 0xFF, 0x33, 0x00, 0x26,
0x6C, 0x00, 0x00, 0x3E, 0x06, 0x00, 0x09, 0x76, 0x09, 0x00, 0x0D, 0x76, 0x05, 0x00, 0x18, 0x75,
0x40, 0x92, 0xE8, 0xFF, 0xFF, 0xF1, 0xCD, 0xFF, 0xFF, 0x0E, 0x2C, 0x6A, 0x00, 0x00, 0x47, 0x45,
0x00, 0x09, 0x78, 0x09, 0x00, 0x0E, 0x75, 0x05, 0x00, 0x18, 0x75, 0x01, 0x00, 0x23, 0x73, 0xDE,
0xFF, 0xA8, 0x62, 0x92, 0xC8, 0x33, 0x66, 0x00, 0x00, 0x42, 0x48, 0x00, 0x09, 0x79, 0x09, 0x00,
0x0F, 0x77, 0x05, 0x00, 0x18, 0x75, 0x02, 0x00, 0x22, 0x6C, 0x00, 0x32, 0xDC, 0x7A, 0x00, 0x00,
0x39, 0x64, 0x00, 0x00, 0x40, 0x4B, 0x00, 0x00, 0x7B, 0x09, 0x00, 0x10, 0x79, 0x05, 0x00, 0x18,
0x75, 0x01, 0x00, 0x1E, 0x6B, 0x00, 0x00, 0x2A, 0x64, 0x00, 0x00, 0x33, 0x60, 0x00, 0x00, 0x3D,
0x50, 0x00, 0x00, 0x00, 0x00, 0x00, 0x00, 0x4F, 0x3D, 0x00, 0x00, 0x2B, 0x50, 0x00, 0x00, 0x66,
0x2B, 0x00, 0x00, 0x6C, 0x1E, 0x00, 0x01, 0x75, 0x18, 0x00, 0x05, 0x7A, 0x10, 0x00, 0x0A, 0x7C,
0x00, 0x00, 0x4B, 0x3E, 0x00, 0x00, 0x32, 0x53, 0x00, 0x00, 0x68, 0x2E, 0x00, 0x34, 0x90, 0x20,
0x00, 0x01, 0x75, 0x18, 0x00, 0x05, 0x7A, 0x10, 0x00, 0x0A, 0x7C, 0x0A, 0x00, 0x48, 0x42, 0x00,
0x00, 0x39, 0x51, 0x00, 0x00, 0x68, 0x2F, 0x0F, 0x62, 0xA8, 0xB0, 0x61, 0x17, 0x75, 0x18, 0x00,
0x05, 0x7A, 0x10, 0x00, 0x0A, 0x7D, 0x0A, 0x00, 0x45, 0x48, 0x00, 0x00, 0x40, 0x4E, 0x00, 0x00,
0x68, 0x2F, 0x00, 0x11, 0xBA, 0xA9, 0xBB, 0x72, 0x8E, 0x18, 0x00, 0x05, 0x7A, 0x10, 0x00, 0x0B,
0x7D, 0x0A, 0x00, 0x06, 0x3F, 0x00, 0x00, 0x49, 0x4C, 0x00, 0x00, 0x66, 0x2E, 0x00, 0x00, 0x6A,
0x1F, 0x5C, 0x82, 0x78, 0x18, 0x00, 0x04, 0x79, 0x10, 0x00, 0x0B, 0x7D, 0x0A, 0x00, 0x11, 0x79,
0x00, 0x00, 0x53, 0x4A, 0x00, 0x00, 0x64, 0x2D, 0x00, 0x00, 0x6A, 0x20, 0x16, 0xB1, 0xEE, 0x36,
0x00, 0x04, 0x78, 0x10, 0x00, 0x0A, 0x7B, 0x09, 0x00, 0x11, 0x77, 0x04, 0x00, 0x59, 0x48, 0x00,
0x00, 0x64, 0x2D, 0x00, 0x00, 0x6C, 0x22, 0x0B, 0xDD, 0x86, 0x7E, 0xE4, 0x19, 0x77, 0x10, 0x00,
0x0A, 0x78, 0x08, 0x00, 0x11, 0x76, 0x03, 0x00, 0x5D, 0x44, 0x00, 0x00, 0x65, 0x40, 0x08, 0x00,
0x70, 0x23, 0x00, 0x68, 0xA1, 0x00, 0x00, 0x94, 0xBC, 0x10, 0x00, 0x0A, 0x78, 0x11, 0x16, 0x11,
0x79, 0x04, 0x00, 0x0E, 0x34, 0x00, 0x02, 0x85, 0xFD, 0xE5, 0xF2, 0xDE, 0x85, 0x03, 0x01, 0xB8,
0x64, 0x00, 0x00, 0x59, 0xA2, 0x00, 0x0A, 0xBC, 0xCA, 0xF1, 0xE9, 0xFC, 0x8B, 0x05, 0x18, 0x74,
0x00, 0x00, 0x96, 0xC0, 0x1C, 0x00, 0x03, 0x3B, 0xAF, 0xD3, 0x88, 0xA2, 0x70, 0x00, 0x00, 0x66,
0x92, 0x2D, 0xD3, 0xB3, 0x3D, 0x03, 0x00, 0x1D, 0xB2, 0xAC, 0x74, 0x01, 0x00, 0x75, 0xEA, 0x0B,
0x00, 0x00, 0x00, 0x00, 0x00, 0x4D, 0xEA, 0xC2, 0xA8, 0x00, 0x00, 0x9A, 0xC2, 0xEA, 0x54, 0x00,
0x00, 0x00, 0x00, 0x00, 0x08, 0xDE, 0x2F, 0x00, 0x5F, 0x8B, 0xA4, 0x00, 0x00, 0x00, 0x00, 0x00,
0x00, 0x00, 0x2B, 0xEA, 0xF1, 0x07, 0x02, 0xE6, 0xED, 0x2E, 0x00, 0x00, 0x00, 0x00, 0x00, 0x00,
0x00, 0x91, 0x63, 0x19, 0x25, 0x4C, 0xB4, 0x00, 0x00, 0x00, 0x00, 0x00, 0x00, 0x00, 0x00, 0x3D,
0xF9, 0x51, 0x43, 0xFB, 0x42, 0x00, 0x00, 0x00, 0x00, 0x00, 0x00, 0x00, 0x00, 0xA1, 0x83, 0x70,
0x00, 0x11, 0xF1, 0x21, 0x00, 0x00, 0x00, 0x00, 0x00, 0x00, 0x00, 0x00, 0x90, 0xAA, 0x9E, 0x97,
0x00, 0x00, 0x00, 0x00, 0x00, 0x00, 0x00, 0x00, 0x16, 0xF2, 0x83, 0x00, 0x00, 0x6D, 0x94, 0xBA,
0x01, 0x00, 0x00, 0x00, 0x00, 0x00, 0x00, 0x00, 0x17, 0xF5, 0xF3, 0x21, 0x00, 0x00, 0x00, 0x00,
0x00, 0x00, 0x00, 0x00, 0xAA, 0x96, 0x00, 0x00, 0x6F, 0x25, 0x02, 0xBC, 0x71, 0x00, 0x00, 0x00,
0x00, 0x00, 0x00, 0x00, 0x00, 0xCC, 0xDA, 0x00, 0x00, 0x00, 0x00, 0x00, 0x00, 0x00, 0x00, 0x63,
0xC8, 0x05, 0x00, 0x25, 0x18, 0x00, 0x01, 0x75, 0xE5, 0x2A, 0x00, 0x00, 0x00, 0x00, 0x00, 0x02,
0x11, 0xAD, 0xB8, 0x12, 0x04, 0x00, 0x00, 0x00, 0x00, 0x00, 0x1E, 0xEA, 0x25, 0x00, 0x30, 0x5F,
0x00, 0x01, 0x73, 0x18, 0x5D, 0xC6, 0x39, 0x66, 0x90, 0xBA, 0xE3, 0xF8, 0xEE, 0xE5, 0xE9, 0xF0,
0xFD, 0xEA, 0xCA, 0xA2, 0x75, 0x3D, 0xBA, 0x72, 0x00, 0x2F, 0x5F, 0x00, 0x01, 0x75, 0x18, 0x00,
0x05, 0xE7, 0xD6, 0x90, 0x60, 0x36, 0x13, 0x00, 0x00, 0x00, 0x00, 0x00, 0x03, 0x16, 0x3A, 0x62,
0x90, 0xD2, 0xDC, 0x02, 0x2E, 0x60, 0x00, 0x00, 0x75, 0x18, 0x00, 0x04, 0x7A, 0xB6, 0x59, 0x00,
0x00, 0x00, 0x10, 0x2C, 0x3D, 0x4E, 0x53, 0x48, 0x2F, 0x11, 0x00, 0x00, 0x00, 0x4B, 0xB5, 0x2E,
0x61, 0x00, 0x00, 0x16, 0x0E, 0x00, 0x04, 0x75, 0x10, 0x8F, 0x93, 0x74, 0xB0, 0xE4, 0xF6, 0xDA,
0xBE, 0xA9, 0xA8, 0xB3, 0xCD, 0xE8, 0xE9, 0xB2, 0x78, 0x8D, 0xC8, 0x62, 0x00, 0x00, 0x1A, 0x6F,
0x00, 0x05, 0x79, 0x10, 0x00, 0x87, 0xE3, 0x86, 0x4A, 0x1B, 0x25, 0x4C, 0x63, 0x6C, 0x6B, 0x62,
0x4C, 0x2A, 0x15, 0x46, 0x83, 0xDF, 0xA5, 0x00, 0x00, 0x1E, 0x6F, 0x00, 0x05, 0x7A, 0x10, 0x00,
0x0A, 0xC6, 0x8E, 0x72, 0xBC, 0xF0, 0xD7, 0xB6, 0x99, 0x8E, 0x8F, 0x9F, 0xBD, 0xDA, 0xF0, 0xBC,
0x71, 0x7F, 0xA3, 0x00, 0x23, 0x6E, 0x00, 0x00, 0x7A, 0x10, 0x00, 0x0A, 0x7E, 0xBB, 0xFF, 0xA7,
0x4A, 0x0F, 0x00, 0x00, 0x00, 0x00, 0x00, 0x00, 0x00, 0x00, 0x0A, 0x41, 0xA1, 0xFF, 0xB9, 0x26,
0x6C, 0x00, 0x00, 0x3E, 0x06, 0x00, 0x09, 0x7B, 0x0A, 0x21, 0xA7, 0xF3, 0xBC, 0x8C, 0x68, 0x55,
0x48, 0x48, 0x49, 0x4A, 0x52, 0x6B, 0x8A, 0xBF, 0xE6, 0x94, 0x4F, 0x6A, 0x00, 0x00, 0x47, 0x45,
0x00, 0x0A, 0x7B, 0x0A, 0x00, 0x10, 0x7C, 0x0B, 0x3C, 0x8D, 0xBC, 0xA9, 0xB2, 0xD0, 0xC2, 0xB1,
0xAA, 0xC3, 0x93, 0x39, 0x05, 0x33, 0x66, 0x00, 0x00, 0x42, 0x48, 0x00, 0x0A, 0x7B, 0x0A, 0x00,
0x10, 0x77, 0x05, 0x00, 0x18, 0x75, 0x01, 0x00, 0x21, 0x6E, 0x00, 0x00, 0x2B, 0x67, 0x00, 0x00,
0x39, 0x64, 0x00, 0x00, 0x40, 0x4B, 0x00, 0x00, 0x7C, 0x0A, 0x00, 0x10, 0x79, 0x04, 0x00, 0x18,
0x75, 0x01, 0x00, 0x1E, 0x6C, 0x00, 0x00, 0x2A, 0x65, 0x00, 0x00, 0x33, 0x60, 0x00, 0x00, 0x3D,
0x50, 0x00, 0x00, 0x00, 0x00, 0x00, 0x00, 0x4F, 0x3D, 0x00, 0x00, 0x2B, 0x50, 0x00, 0x00, 0x63,
0x29, 0x00, 0x00, 0x6B, 0x1E, 0x00, 0x02, 0x77, 0x18, 0x00, 0x05, 0x7A, 0x10, 0x00, 0x0A, 0x7B,
0x00, 0x00, 0x4B, 0x3E, 0x00, 0x00, 0x32, 0x53, 0x00, 0x00, 0x63, 0x29, 0x00, 0x37, 0x9E, 0x21,
0x00, 0x02, 0x7A, 0x19, 0x00, 0x06, 0x7C, 0x10, 0x00, 0x0A, 0x7B, 0x0A, 0x00, 0x48, 0x42, 0x00,
0x00, 0x39, 0x51, 0x00, 0x00, 0x64, 0x2A, 0x11, 0x6A, 0xAB, 0xBF, 0x6E, 0x24, 0x7E, 0x19, 0x00,
0x06, 0x7E, 0x10, 0x00, 0x0A, 0x7B, 0x0A, 0x00, 0x45, 0x48, 0x00, 0x00, 0x40, 0x4E, 0x00, 0x00,
0x64, 0x2B, 0x00, 0x14, 0xBF, 0xA3, 0xC0, 0x6E, 0x9C, 0x19, 0x00, 0x06, 0x80, 0x10, 0x00, 0x0A,
0x7B, 0x0A, 0x00, 0x06, 0x3F, 0x00, 0x00, 0x49, 0x4C, 0x00, 0x00, 0x64, 0x2D, 0x00, 0x00, 0x72,
0x22, 0x5B, 0x8B, 0x78, 0x18, 0x00, 0x06, 0x7E, 0x10, 0x00, 0x0A, 0x7C, 0x0A, 0x00, 0x10, 0x79,
0x00, 0x00, 0x53, 0x4A, 0x00, 0x00, 0x65, 0x2E, 0x00, 0x00, 0x74, 0x22, 0x00, 0x77, 0xDD, 0x18,
0x00, 0x06, 0x7B, 0x0F, 0x00, 0x0A, 0x7B, 0x0A, 0x00, 0x10, 0x76, 0x04, 0x00, 0x59, 0x48, 0x00,
0x00, 0x64, 0x2F, 0x00, 0x00, 0x76, 0x22, 0x00, 0x5B, 0x5F, 0x4D, 0x6C, 0x05, 0x78, 0x0E, 0x00,
0x0A, 0x7B, 0x0A, 0x00, 0x10, 0x73, 0x03, 0x00, 0x5D, 0x44, 0x00, 0x00, 0x63, 0x2F, 0x00, 0x00,
0x76, 0x24, 0x00, 0x17, 0x71, 0xF2, 0xFA, 0x65, 0x91, 0x0E, 0x00, 0x0A, 0x7B, 0x0A, 0x00, 0x10,
0x77, 0x03, 0x00, 0x0E, 0x34, 0x00, 0x00, 0x76, 0x99, 0x69, 0x63, 0x9B, 0x2A, 0x00, 0x02, 0x95,
0x6D, 0xFF, 0xFF, 0x77, 0x5F, 0x00, 0x0A, 0x7F, 0x53, 0x68, 0x6D, 0xA0, 0x3E, 0x00, 0x1A, 0x75,
0x00, 0x00, 0x69, 0x75, 0xB1, 0xDD, 0xC0, 0x76, 0x62, 0x53, 0x75, 0x56, 0x72, 0xFF, 0xFF, 0x6C,
0x5B, 0x0A, 0xB5, 0x73, 0x73, 0xAE, 0xD7, 0xB3, 0x6C, 0x6A, 0x74, 0x01, 0x00, 0x6F, 0x76, 0xE4,
0xFF, 0xFF, 0xFF, 0xFF, 0xDB, 0x66, 0x7B, 0x17, 0x7B, 0xFF, 0xFF, 0x77, 0x3A, 0x9C, 0x5A, 0xCA,
0xFF, 0xFF, 0xFF, 0xFF, 0xF1, 0x71, 0x23, 0x00, 0x62, 0x7D, 0x65, 0xFF, 0xFF, 0xFF, 0xFF, 0xFF,
0xFF, 0xFD, 0x73, 0x71, 0x8D, 0xE1, 0xF7, 0x7B, 0x97, 0x5D, 0xEE, 0xFF, 0xFF, 0xFF, 0xFF, 0xFF,
0xFF, 0x72, 0x65, 0x19, 0x25, 0x4F, 0x62, 0xFF, 0xFF, 0xFF, 0xFF, 0xFF, 0xFF, 0xFF, 0xFF, 0x7C,
0xC9, 0x94, 0xB6, 0xCD, 0x65, 0xF9, 0xFF, 0xFF, 0xFF, 0xFF, 0xFF, 0xFF, 0xFF, 0x70, 0x85, 0x6E,
0x00, 0x10, 0x73, 0xF2, 0xFF, 0xFF, 0xFF, 0xFF, 0xFF, 0xFF, 0xFF, 0xF9, 0x6B, 0x85, 0x93, 0x7F,
0xE9, 0xFF, 0xFF, 0xFF, 0xFF, 0xFF, 0xFF, 0xFF, 0xFB, 0x58, 0x8C, 0x00, 0x00, 0x69, 0x79, 0x7A,
0xFF, 0xFF, 0xFF, 0xFF, 0xFF, 0xFF, 0xFF, 0xFF, 0xB8, 0x7E, 0x7F, 0x92, 0xFF, 0xFF, 0xFF, 0xFF,
0xFF, 0xFF, 0xFF, 0xFF, 0x94, 0x80, 0x00, 0x00, 0x6A, 0x22, 0x05, 0x6F, 0xBD, 0xFF, 0xFF, 0xFF,
0xFF, 0xFF, 0xFF, 0xFF, 0xFE, 0x91, 0x93, 0xE7, 0xFF, 0xFF, 0xFF, 0xFF, 0xFF, 0xFF, 0xFF, 0xD7,
0x74, 0x0F, 0x00, 0x25, 0x17, 0x00, 0x01, 0x7B, 0x6D, 0xED, 0xFF, 0xFF, 0xFF, 0xFF, 0xFF, 0xFF,
0xFF, 0xA3, 0x9F, 0xFF, 0xFF, 0xFF, 0xFF, 0xFF, 0xFF, 0xFF, 0xFD, 0x70, 0x39, 0x00, 0x31, 0x5F,
0x00, 0x01, 0x77, 0x1A, 0x5B, 0x6D, 0xFF, 0xEF, 0xBC, 0x87, 0x5F, 0x3D, 0x30, 0x17, 0x16, 0x2F,
0x3C, 0x56, 0x78, 0xA2, 0xE2, 0xFF, 0x8A, 0x66, 0x00, 0x31, 0x60, 0x00, 0x01, 0x78, 0x1B, 0x00,
0x07, 0x93, 0x21, 0x0A, 0x3E, 0x7A, 0x9A, 0xB4, 0xC7, 0xCD, 0xD2, 0xCC, 0xBF, 0xA5, 0x78, 0x49,
0x13, 0x26, 0x68, 0x0C, 0x31, 0x61, 0x00, 0x00, 0x77, 0x1A, 0x00, 0x04, 0x79, 0x77, 0xD1, 0xFA,
0xFF, 0xFF, 0xFF, 0xFF, 0xFF, 0xFF, 0xFF, 0xFF, 0xFF, 0xFF, 0xFF, 0xFF, 0xFE, 0xD2, 0x87, 0x30,
0x61, 0x00, 0x00, 0x16, 0x0E, 0x00, 0x03, 0x76, 0x10, 0x48, 0xFF, 0xFF, 0xEB, 0xA9, 0x73, 0x54,
0x34, 0x28, 0x28, 0x37, 0x4C, 0x76, 0xA2, 0xE0, 0xFF, 0xFF, 0x9A, 0x61, 0x00, 0x00, 0x1A, 0x6F,
0x00, 0x04, 0x73, 0x10, 0x00, 0x32, 0xB7, 0x3B, 0x38, 0x75, 0xB5, 0xD7, 0xED, 0xF5, 0xF6, 0xF2,
0xDE, 0xB6, 0x86, 0x3C, 0x2D, 0x99, 0x85, 0x00, 0x00, 0x1E, 0x6F, 0x00, 0x04, 0x76, 0x10, 0x00,
0x0A, 0xA4, 0xC4, 0xE5, 0xFE, 0xCE, 0xA2, 0x83, 0x64, 0x59, 0x4C, 0x5B, 0x71, 0x97, 0xCC, 0xFB,
0xEC, 0xC3, 0x5E, 0x00, 0x23, 0x6E, 0x00, 0x00, 0x79, 0x10, 0x00, 0x0A, 0x7E, 0x60, 0xC9, 0x5D,
0x24, 0x4C, 0x83, 0xAD, 0xC6, 0xC8, 0xC8, 0xC7, 0xBC, 0x93, 0x5D, 0x2A, 0x56, 0xB9, 0x76, 0x26,
0x6C, 0x00, 0x00, 0x3E, 0x06, 0x00, 0x0A, 0x7C, 0x0A, 0x20, 0x65, 0xC4, 0xFE, 0xFF, 0xFF, 0xFF,
0xFF, 0xFF, 0xFF, 0xFF, 0xFF, 0xFF, 0xFF, 0xFF, 0xCD, 0x5F, 0x61, 0x6A, 0x00, 0x00, 0x47, 0x45,
0x00, 0x0A, 0x7B, 0x0A, 0x00, 0x0F, 0x78, 0x1B, 0x59, 0xA1, 0xC1, 0xB4, 0xC1, 0xDF, 0xCF, 0xC4,
0xBA, 0xCF, 0x9F, 0x60, 0x1D, 0x33, 0x66, 0x00, 0x00, 0x42, 0x48, 0x00, 0x0A, 0x7B, 0x0A, 0x00,
0x0E, 0x75, 0x05, 0x00, 0x18, 0x74, 0x01, 0x00, 0x23, 0x70, 0x00, 0x00, 0x2C, 0x64, 0x00, 0x00,
0x39, 0x64, 0x00, 0x00, 0x40, 0x4B, 0x00, 0x00, 0x7C, 0x0A, 0x00, 0x10, 0x78, 0x05, 0x00, 0x18,
0x75, 0x01, 0x00, 0x1F, 0x6F, 0x00, 0x00, 0x2B, 0x66, 0x00, 0x00, 0x33, 0x60, 0x00, 0x00, 0x3D,
0x50, 0x00, 0x00, 0x00, 0x00, 0x00, 0x00, 0x4F, 0x3D, 0x00, 0x00, 0x2B, 0x50, 0x00, 0x00, 0x65,
0x2C, 0x00, 0x00, 0x6D, 0x1E, 0x00, 0x01, 0x73, 0x18, 0x00, 0x05, 0x7A, 0x10, 0x00, 0x0A, 0x7B,
0x00, 0x00, 0x4B, 0x3E, 0x00, 0x00, 0x32, 0x53, 0x00, 0x00, 0x60, 0x46, 0x00, 0x00, 0x72, 0x22,
0x00, 0x01, 0x6F, 0x16, 0x00, 0x05, 0x7A, 0x10, 0x00, 0x0A, 0x7B, 0x0A, 0x00, 0x48, 0x42, 0x00,
0x00, 0x39, 0x51, 0x2F, 0x17, 0x60, 0x58, 0xFC, 0x84, 0x6E, 0x22, 0x00, 0x01, 0x6D, 0x15, 0x00,
0x05, 0x7A, 0x10, 0x00, 0x0A, 0x7B, 0x0A, 0x00, 0x45, 0x48, 0x00, 0x00, 0x40, 0x4E, 0x00, 0xE3,
0xF0, 0x58, 0x96, 0xFF, 0xFF, 0x7F, 0x02, 0x01, 0x70, 0x16, 0x00, 0x05, 0x7A, 0x10, 0x00, 0x0A,
0x7B, 0x0A, 0x00, 0x06, 0x3F, 0x00, 0x00, 0x49, 0x4C, 0x00, 0x08, 0xFF, 0xFF, 0xFF, 0xFF, 0xFF,
0xFF, 0xFF, 0xF0, 0xCA, 0x31, 0x00, 0x05, 0x7A, 0x10, 0x00, 0x0A, 0x7B, 0x0A, 0x00, 0x11, 0x7A,
0x00, 0x00, 0x53, 0x4A, 0x00, 0x00, 0x76, 0xFF, 0xFF, 0xFF, 0xFF, 0xFF, 0xFF, 0xFF, 0xFF, 0xFF,
0xE9, 0x48, 0x7A, 0x10, 0x00, 0x0A, 0x7B, 0x0A, 0x00, 0x12, 0x7C, 0x05, 0x00, 0x59, 0x48, 0x00,
0x00, 0x60, 0x9E, 0xFF, 0xFF, 0xFF, 0xFF, 0xFF, 0xFF, 0xFF, 0xFF, 0xFF, 0xFF, 0xFF, 0x68, 0x00,
0x0A, 0x7B, 0x0A, 0x00, 0x13, 0x7E, 0x05, 0x00, 0x5D, 0x44, 0x00, 0x00, 0x5F, 0x2E, 0xC0, 0xFF,
0xFF, 0xFF, 0xFF, 0xFF, 0xFF, 0xFF, 0xFF, 0xFF, 0xFF, 0xFF, 0xFD, 0x6A, 0x7B, 0x0A, 0x00, 0x12,
0x7D, 0x05, 0x00, 0x0E, 0x34, 0x00, 0x00, 0x5C, 0x30, 0x16, 0xFC, 0xFF, 0xC2, 0xBE, 0xFF, 0xFF,
0xFF, 0xFF, 0xFF, 0xFF, 0xFF, 0xFF, 0xFF, 0xFF, 0x53, 0x00, 0x11, 0x7A, 0x04, 0x00, 0x18, 0x75,
0x00, 0x00, 0x5B, 0x31, 0x00, 0x74, 0xFF, 0xFF, 0x59, 0x04, 0xE7, 0xFF, 0xFF, 0xFF, 0xFF, 0xFF,
0xFF, 0xFF, 0xFF, 0xFF, 0xF2, 0x3D, 0x76, 0x04, 0x00, 0x18, 0x73, 0x01, 0x00, 0x5C, 0x31, 0x00,
0x01, 0xD7, 0xFF, 0xFF, 0xE8, 0xA1, 0xFF, 0xFF, 0xFF, 0xFF, 0xFF, 0xFF, 0xFF, 0xFF, 0xFF, 0xFF,
0xF7, 0xF5, 0x0F, 0x00, 0x18, 0x72, 0x01, 0x00, 0x5D, 0x31, 0x00, 0x00, 0x8A, 0xFF, 0xFF, 0xFF,
0xFF, 0xFF, 0xFF, 0xFF, 0xFF, 0xEA, 0xF8, 0xAD, 0xFF, 0xFF, 0xFF, 0xFF, 0x8F, 0xEB, 0x90, 0x18,
0x73, 0x01, 0x00, 0x18, 0x24, 0x00, 0x00, 0x6D, 0xE9, 0xFF, 0xFF, 0xFF, 0xFF, 0xFF, 0xFF, 0xFF,
0xEF, 0x8A, 0x9E, 0xB3, 0xFF, 0xFF, 0xFF, 0xFF, 0xBB, 0x86, 0xFD, 0x82, 0x01, 0x00, 0x24, 0x6E,
0x00, 0x00, 0x6D, 0x76, 0xFF, 0xFF, 0xFF, 0xFF, 0xFF, 0xFF, 0xFF, 0xFF, 0xA6, 0xE9, 0x5A, 0xF5,
0xFF, 0xFF, 0xFF, 0xFF, 0xFB, 0x3D, 0xFF, 0x95, 0x00, 0x25, 0x71, 0x00, 0x00, 0x6D, 0x32, 0xE0,
0xFF, 0xFF, 0xFF, 0xFF, 0xFF, 0xFF, 0xFF, 0xFF, 0xFF, 0xFF, 0x80, 0xFF, 0xFF, 0xFF, 0xFF, 0xFF,
0xFF, 0x79, 0xD1, 0xED, 0x28, 0x6F, 0x00, 0x00, 0x6D, 0x23, 0x8D, 0xFF, 0xFF, 0xFF, 0xFF, 0xFF,
0xFF, 0xFF, 0xFF, 0xFB, 0xC5, 0xED, 0xF5, 0xFF, 0xFF, 0xFF, 0xFF, 0xFF, 0xFF, 0xD8, 0x7F, 0xFF,
0x8F, 0x00, 0x00, 0x24, 0x17, 0x08, 0xF5, 0xE5, 0xFF, 0xED, 0xFF, 0xFF, 0xFF, 0xFF, 0xEE, 0xA8,
0x0B, 0xDC, 0xFF, 0xFF, 0xFF, 0xFF, 0xFF, 0xFF, 0xFF, 0xFF, 0x5C, 0xFF, 0x96, 0x00, 0x2D, 0x5E,
0x00, 0x27, 0xFE, 0x4F, 0xFC, 0x75, 0xFF, 0xFF, 0xFF, 0xF1, 0xA1, 0x0A, 0x28, 0xFF, 0xFF, 0xFF,
0xFF, 0xFF, 0xFF, 0xFF, 0xFF, 0xFF, 0x75, 0xE3, 0xDF, 0x2E, 0x5F, 0x00, 0x01, 0x74, 0xB5, 0x87,
0xD9, 0x73, 0xFF, 0xFF, 0xF4, 0xA6, 0x09, 0x00, 0x95, 0xFF, 0xFF, 0xFF, 0xFF, 0xFF, 0xFF, 0xFF,
0xFF, 0xFF, 0xB1, 0xA5, 0xFF, 0x70, 0x00, 0x00, 0x77, 0x19, 0x6C, 0xFF, 0xA5, 0xBA, 0xFF, 0xE6,
0xA0, 0x09, 0x00, 0x20, 0xF8, 0xFF, 0xFF, 0xFF, 0xFF, 0xFF, 0xFF, 0xFF, 0xFF, 0xFF, 0xEE, 0x67,
0xFF, 0x5A, 0x00, 0x17, 0x0E, 0x00, 0x06, 0xC6, 0xDD, 0xF4, 0x9C, 0x85, 0x09, 0x00, 0x12, 0xD0,
0xFF, 0xFF, 0xFF, 0xFF, 0xFF, 0xFF, 0xFF, 0xFF, 0xFF, 0xFF, 0xFF, 0x56, 0xFF, 0x90, 0x1A, 0x6D,
0x00, 0x03, 0x76, 0x10, 0x07, 0x0C, 0x75, 0x09, 0x00, 0x11, 0xC7, 0xFF, 0xFF, 0xFF, 0xFF, 0xFF,
0xFF, 0xFF, 0xFF, 0xFF, 0xFF, 0xFF, 0xFF, 0x57, 0xFC, 0xD6, 0x69, 0x00, 0x04, 0x74, 0x10, 0x00,
0x08, 0x76, 0x0A, 0x00, 0x10, 0x95, 0xEE, 0xFF, 0xFF, 0xFF, 0xFF, 0xFF, 0xFF, 0xFF, 0xFF, 0xFF,
0xFF, 0xFF, 0xFF, 0x7C, 0xDC, 0xF5, 0x00, 0x00, 0x78, 0x10, 0x00, 0x08, 0x77, 0x0A, 0x00, 0x10,
0x82, 0xA3, 0xFF, 0xFF, 0xFF, 0xFF, 0xFF, 0xFF, 0xFF, 0xFF, 0xFF, 0xFF, 0xFF, 0xFF, 0xFF, 0xAD,
0xBF, 0xFF, 0x12, 0x3D, 0x06, 0x00, 0x09, 0x78, 0x0A, 0x00, 0x10, 0x7E, 0x3A, 0xFE, 0xFF, 0xFF,
0xFF, 0xFF, 0xFF, 0xFF, 0xFF, 0xFF, 0xFF, 0xFF, 0xFF, 0xFF, 0xFF, 0xDF, 0xA3, 0xFF, 0x7B, 0x44,
0x00, 0x09, 0x79, 0x0A, 0x00, 0x10, 0x7A, 0x05, 0xAC, 0xFF, 0xFF, 0xFF, 0xFF, 0xFF, 0xFF, 0xFF,
0xFF, 0xFF, 0xFF, 0xFF, 0xFF, 0xFF, 0xFF, 0xFF, 0xBC, 0xFF, 0x66, 0x00, 0x09, 0x7A, 0x0A, 0x00,
0x10, 0x7A, 0x05, 0x00, 0x6B, 0xC0, 0xB6, 0xC1, 0xE0, 0xDB, 0xD4, 0xD4, 0xEC, 0xD8, 0xDA, 0xDC,
0xF0, 0xD4, 0xD4, 0xD4, 0xED, 0xDB, 0x38, 0x00, 0x7C, 0x0A, 0x00, 0x10, 0x7A, 0x05, 0x00, 0x18,
0x79, 0x02, 0x00, 0x1F, 0x72, 0x00, 0x00, 0x2D, 0x66, 0x00, 0x00, 0x32, 0x5C, 0x00, 0x00, 0x40,
0x4F, 0x00, 0x00, 0x00, 0x00, 0x00, 0x00, 0x4F, 0x3D, 0x00, 0x00, 0x2B, 0x50, 0x00, 0x00, 0x65,
0x2C, 0x00, 0x00, 0x6D, 0x1E, 0x00, 0x01, 0x73, 0x18, 0x00, 0x05, 0x7A, 0x10, 0x00, 0x0A, 0x7B,
0x00, 0x00, 0x4B, 0x3E, 0x00, 0x00, 0x32, 0x53, 0x00, 0x00, 0x60, 0x46, 0x00, 0x00, 0x72, 0x22,
0x00, 0x01, 0x6F, 0x16, 0x00, 0x05, 0x7A, 0x10, 0x00, 0x0A, 0x7B, 0x0A, 0x00, 0x48, 0x42, 0x00,
0x00, 0x39, 0x51, 0x24, 0x17, 0x60, 0x58, 0xA4, 0x7D, 0x6E, 0x22, 0x00, 0x01, 0x6D, 0x15, 0x00,
0x05, 0x7A, 0x10, 0x00, 0x0A, 0x7B, 0x0A, 0x00, 0x45, 0x48, 0x00, 0x00, 0x40, 0x4E, 0x00, 0x7A,
0xBF, 0x58, 0x96, 0x1D, 0xA2, 0x7F, 0x02, 0x01, 0x70, 0x16, 0x00, 0x05, 0x7A, 0x10, 0x00, 0x0A,
0x7B, 0x0A, 0x00, 0x06, 0x3F, 0x00, 0x00, 0x49, 0x4C, 0x00, 0x08, 0x8F, 0x21, 0xD5, 0xFA, 0x04,
0x56, 0xEB, 0xCB, 0xCA, 0x32, 0x00, 0x06, 0x7C, 0x10, 0x00, 0x0A, 0x7B, 0x0A, 0x00, 0x11, 0x7A,
0x00, 0x00, 0x53, 0x4A, 0x00, 0x00, 0x76, 0x76, 0x00, 0x00, 0x29, 0x00, 0x0B, 0x29, 0x00, 0x55,
0xD8, 0x47, 0x7D, 0x10, 0x00, 0x0A, 0x7B, 0x0A, 0x00, 0x12, 0x7C, 0x05, 0x00, 0x59, 0x48, 0x00,
0x00, 0x60, 0x9E, 0x40, 0x00, 0x00, 0x00, 0x00, 0x00, 0x00, 0x00, 0x00, 0x1F, 0xD7, 0x68, 0x00,
0x0A, 0x7B, 0x0A, 0x00, 0x13, 0x7E, 0x05, 0x00, 0x5D, 0x44, 0x00, 0x00, 0x5F, 0x2E, 0xB4, 0x07,
0x00, 0x00, 0x00, 0x00, 0x00, 0x00, 0x00, 0x00, 0x00, 0x10, 0xBF, 0x6A, 0x7B, 0x0A, 0x00, 0x12,
0x7D, 0x05, 0x00, 0x0E, 0x34, 0x00, 0x00, 0x5C, 0x30, 0x16, 0xAB, 0x00, 0x3D, 0x46, 0x00, 0x00,
0x00, 0x00, 0x00, 0x00, 0x00, 0x00, 0x0A, 0xC4, 0x53, 0x00, 0x11, 0x7A, 0x04, 0x00, 0x18, 0x75,
0x00, 0x00, 0x5B, 0x31, 0x00, 0x74, 0x5A, 0x00, 0xA6, 0xFD, 0x20, 0x00, 0x00, 0x00, 0x00, 0x00,
0x00, 0x00, 0x00, 0x0E, 0xC5, 0x3D, 0x76, 0x04, 0x00, 0x18, 0x73, 0x01, 0x00, 0x5C, 0x31, 0x00,
0x01, 0xC8, 0x0A, 0x00, 0x19, 0x62, 0x02, 0x00, 0x00, 0x00, 0x00, 0x00, 0x00, 0x00, 0x00, 0x00,
0x2C, 0xEA, 0x0F, 0x00, 0x18, 0x72, 0x01, 0x00, 0x5D, 0x31, 0x00, 0x00, 0x8A, 0x8C, 0x00, 0x00,
0x00, 0x00, 0x00, 0x00, 0x00, 0x00, 0x07, 0x4E, 0x00, 0x00, 0x00, 0x00, 0x79, 0x7F, 0x90, 0x18,
0x73, 0x01, 0x00, 0x18, 0x24, 0x00, 0x00, 0x6D, 0xE4, 0x1D, 0x00, 0x00, 0x00, 0x00, 0x00, 0x00,
0x05, 0x3A, 0x63, 0x53, 0x00, 0x00, 0x00, 0x00, 0x4A, 0x7E, 0xC7, 0x82, 0x01, 0x00, 0x24, 0x6E,
0x00, 0x00, 0x6D, 0x76, 0x96, 0x00, 0x00, 0x00, 0x00, 0x00, 0x00, 0x00, 0x9F, 0x42, 0xB7, 0x0D,
0x00, 0x00, 0x00, 0x00, 0x05, 0xC3, 0x4C, 0x95, 0x00, 0x25, 0x71, 0x00, 0x00, 0x6D, 0x32, 0xCF,
0x15, 0x00, 0x00, 0x00, 0x00, 0x00, 0x00, 0x77, 0xFF, 0x73, 0xA7, 0x00, 0x00, 0x00, 0x00, 0x00,
0x00, 0x81, 0x39, 0xBF, 0x28, 0x6F, 0x00, 0x00, 0x6D, 0x23, 0x8D, 0x5E, 0x00, 0x00, 0x00, 0x00,
0x00, 0x00, 0x51, 0xF9, 0xC5, 0xED, 0x57, 0x00, 0x00, 0x00, 0x00, 0x00, 0x00, 0x22, 0x88, 0x70,
0x8F, 0x00, 0x00, 0x24, 0x17, 0x08, 0xB1, 0x15, 0x00, 0x10, 0x00, 0x00, 0x00, 0x37, 0xE3, 0xA8,
0x0B, 0xC8, 0x07, 0x00, 0x00, 0x00, 0x00, 0x00, 0x00, 0x00, 0xAD, 0x1D, 0x95, 0x00, 0x2D, 0x5E,
0x00, 0x27, 0x6B, 0x8C, 0x01, 0x3C, 0x00, 0x00, 0x29, 0xDD, 0xA1, 0x0A, 0x28, 0x8A, 0x00, 0x00,
0x00, 0x00, 0x00, 0x00, 0x00, 0x00, 0x9A, 0x1D, 0xB0, 0x2E, 0x5F, 0x00, 0x01, 0x74, 0xEC, 0x9A,
0x0B, 0x6F, 0x00, 0x23, 0xD9, 0xA6, 0x09, 0x00, 0x93, 0x27, 0x00, 0x00, 0x00, 0x00, 0x00, 0x00,
0x00, 0x00, 0x5B, 0x5C, 0x8C, 0x70, 0x00, 0x00, 0x77, 0x19, 0x6C, 0x7F, 0x9C, 0x75, 0x26, 0xCB,
0xA2, 0x09, 0x00, 0x20, 0xAB, 0x00, 0x00, 0x00, 0x00, 0x00, 0x00, 0x00, 0x00, 0x00, 0x1D, 0x97,
0x51, 0x5A, 0x00, 0x17, 0x0E, 0x00, 0x06, 0xC6, 0xFA, 0xCB, 0x90, 0x8A, 0x09, 0x00, 0x12, 0xD0,
0x34, 0x00, 0x00, 0x00, 0x00, 0x00, 0x00, 0x00, 0x00, 0x00, 0x00, 0xB0, 0x1D, 0x90, 0x1A, 0x6D,
0x00, 0x03, 0x76, 0x10, 0x05, 0x0C, 0x7A, 0x09, 0x00, 0x11, 0xC7, 0xA8, 0x00, 0x00, 0x00, 0x00,
0x00, 0x00, 0x00, 0x00, 0x00, 0x00, 0x00, 0xA6, 0x05, 0xC6, 0x69, 0x00, 0x04, 0x74, 0x10, 0x00,
0x0A, 0x7B, 0x0A, 0x00, 0x10, 0x95, 0xD6, 0x15, 0x00, 0x00, 0x00, 0x00, 0x00, 0x00, 0x00, 0x00,
0x00, 0x00, 0x00, 0x80, 0x25, 0xB9, 0x00, 0x00, 0x78, 0x10, 0x00, 0x0A, 0x7B, 0x0A, 0x00, 0x10,
0x82, 0xA3, 0x4B, 0x00, 0x00, 0x00, 0x00, 0x00, 0x00, 0x00, 0x00, 0x00, 0x00, 0x00, 0x00, 0x51,
0x55, 0x95, 0x12, 0x3D, 0x06, 0x00, 0x0A, 0x7B, 0x0A, 0x00, 0x10, 0x7E, 0x3A, 0xA9, 0x00, 0x00,
0x00, 0x00, 0x00, 0x00, 0x00, 0x00, 0x00, 0x00, 0x00, 0x00, 0x00, 0x29, 0x87, 0x72, 0x7B, 0x44,
0x00, 0x0A, 0x7B, 0x0A, 0x00, 0x10, 0x7A, 0x05, 0xA6, 0x20, 0x00, 0x00, 0x00, 0x00, 0x00, 0x00,
0x00, 0x00, 0x00, 0x00, 0x00, 0x00, 0x00, 0x3E, 0xD1, 0x67, 0x66, 0x00, 0x0A, 0x7B, 0x0A, 0x00,
0x10, 0x7A, 0x05, 0x00, 0x5E, 0x84, 0x7A, 0x85, 0xA4, 0x9F, 0x98, 0x96, 0xB0, 0x9F, 0x9F, 0xA3,
0xBE, 0xB0, 0xC6, 0xD4, 0xED, 0xC8, 0x38, 0x00, 0x7C, 0x0A, 0x00, 0x10, 0x7A, 0x05, 0x00, 0x18,
0x79, 0x02, 0x00, 0x1F, 0x72, 0x00, 0x00, 0x2D, 0x66, 0x00, 0x00, 0x32, 0x5C, 0x00, 0x00, 0x40,
0x4F, 0x00, 0x00, 0x00, 0x00, 0x00, 0x00, 0x4F, 0x3D, 0x00, 0x00, 0x2B, 0x50, 0x00, 0x00, 0x66,
0x2B, 0x00, 0x00, 0x71, 0x20, 0x00, 0x01, 0x74, 0x18, 0x00, 0x05, 0x7A, 0x10, 0x00, 0x0A, 0x7B,
0x00, 0x00, 0x4B, 0x3E, 0x00, 0x00, 0x32, 0x53, 0x00, 0x00, 0x65, 0x2D, 0x00, 0x00, 0x75, 0x22,
0x00, 0x01, 0x71, 0x17, 0x00, 0x05, 0x7A, 0x10, 0x00, 0x0A, 0x7B, 0x0A, 0x00, 0x48, 0x42, 0x00,
0x00, 0x39, 0x51, 0x00, 0x00, 0x66, 0x2D, 0x00, 0x00, 0x6B, 0x23, 0x00, 0x01, 0x6F, 0x16, 0x00,
0x05, 0x7A, 0x10, 0x00, 0x0A, 0x7B, 0x0A, 0x00, 0x45, 0x48, 0x00, 0x00, 0x40, 0x4E, 0x00, 0x00,
0x66, 0x2F, 0x00, 0x00, 0x8D, 0x95, 0x61, 0x11, 0x72, 0x17, 0x00, 0x05, 0x7A, 0x10, 0x00, 0x0A,
0x7B, 0x0A, 0x00, 0x06, 0x3F, 0x00, 0x00, 0x49, 0x4C, 0x00, 0x00, 0x66, 0x30, 0x00, 0x01, 0x96,
0xFF, 0xFF, 0xFF, 0xF9, 0x44, 0x00, 0x05, 0x7B, 0x10, 0x00, 0x0A, 0x7B, 0x0A, 0x00, 0x10, 0x7A,
0x00, 0x00, 0x53, 0x4A, 0x00, 0x00, 0x67, 0x32, 0x00, 0x00, 0x91, 0xFF, 0xFF, 0xFF, 0xFF, 0xFF,
0xD1, 0x05, 0x7C, 0x10, 0x00, 0x0A, 0x7B, 0x0A, 0x00, 0x10, 0x7A, 0x05, 0x00, 0x59, 0x48, 0x00,
0x00, 0x67, 0x33, 0x00, 0x00, 0x70, 0xD0, 0xFF, 0xFF, 0xFF, 0xFF, 0xFF, 0xFF, 0x94, 0x10, 0x00,
0x0A, 0x7D, 0x0A, 0x00, 0x10, 0x7A, 0x05, 0x00, 0x5D, 0x44, 0x00, 0x00, 0x66, 0x34, 0x00, 0x00,
0x6F, 0x24, 0xB4, 0xFF, 0xFF, 0xFF, 0xFF, 0xFF, 0xFF, 0x33, 0x00, 0x0B, 0x7E, 0x0A, 0x00, 0x10,
0x7A, 0x05, 0x00, 0x0E, 0x34, 0x00, 0x00, 0x65, 0x33, 0x00, 0x00, 0x6E, 0x23, 0x00, 0x70, 0xFF,
0xFF, 0xFF, 0xFF, 0xFF, 0xE6, 0x06, 0x0B, 0x7F, 0x0A, 0x00, 0x10, 0x7A, 0x05, 0x00, 0x18, 0x74,
0x00, 0x00, 0x64, 0x33, 0x00, 0x00, 0x6E, 0x23, 0x00, 0x01, 0x9B, 0xFF, 0xFF, 0xFF, 0xFF, 0xFF,
0xD2, 0x1A, 0x80, 0x0A, 0x00, 0x11, 0x7A, 0x05, 0x00, 0x19, 0x72, 0x01, 0x00, 0x63, 0x32, 0x00,
0x00, 0x6E, 0x23, 0x00, 0x01, 0x89, 0xFE, 0xFF, 0xFF, 0xFF, 0xFF, 0xFF, 0xFF, 0xDD, 0x0A, 0x00,
0x11, 0x7B, 0x05, 0x00, 0x19, 0x70, 0x01, 0x00, 0x62, 0x32, 0x00, 0x00, 0x6D, 0x22, 0x00, 0x01,
0x76, 0x95, 0xFF, 0xFF, 0xFF, 0xFF, 0xFF, 0xFF, 0xFF, 0xFF, 0x36, 0x11, 0x7B, 0x05, 0x00, 0x1A,
0x6E, 0x01, 0x00, 0x18, 0x25, 0x00, 0x00, 0x6D, 0x22, 0x00, 0x01, 0x75, 0x19, 0xBF, 0xFF, 0xFF,
0xFF, 0xFF, 0xFF, 0xFF, 0xFF, 0xFF, 0x97, 0x7C, 0x05, 0x00, 0x1A, 0x6D, 0x00, 0x00, 0x22, 0x6D,
0x00, 0x00, 0x6D, 0x22, 0x00, 0x01, 0x75, 0x18, 0x00, 0xE3, 0xFF, 0xFF, 0xFF, 0xFF, 0xFF, 0xFF,
0xFF, 0xFF, 0xCA, 0x05, 0x00, 0x19, 0x6F, 0x00, 0x00, 0x23, 0x6C, 0x00, 0x00, 0x6D, 0x22, 0x00,
0x01, 0x75, 0x18, 0x00, 0x05, 0xE9, 0xFF, 0xFF, 0xFF, 0xFF, 0xFF, 0xFF, 0xFF, 0xFF, 0x91, 0x00,
0x19, 0x70, 0x01, 0x00, 0x23, 0x6C, 0x00, 0x00, 0x6E, 0x22, 0x00, 0x01, 0x75, 0x18, 0x00, 0x04,
0x79, 0xA3, 0xFF, 0xFF, 0xFF, 0xFF, 0xFF, 0xFF, 0xFF, 0xFF, 0x52, 0x18, 0x72, 0x01, 0x00, 0x24,
0x6B, 0x00, 0x00, 0x25, 0x17, 0x00, 0x01, 0x75, 0x18, 0x00, 0x04, 0x78, 0x32, 0xE1, 0xFF, 0xFF,
0xFF, 0xFF, 0xFF, 0xFF, 0xFF, 0xFF, 0xDB, 0x7C, 0x01, 0x00, 0x24, 0x6A, 0x00, 0x00, 0x30, 0x5F,
0x00, 0x01, 0x75, 0x18, 0x00, 0x04, 0x77, 0x1F, 0xDC, 0xFF, 0xFF, 0xFF, 0xFF, 0xFF, 0xFF, 0xFF,
0xFF, 0xFF, 0xFF, 0xC4, 0x03, 0x24, 0x69, 0x00, 0x00, 0x2E, 0x60, 0x00, 0x01, 0x75, 0x18, 0x00,
0x03, 0x76, 0x11, 0x93, 0xFF, 0xFF, 0xFF, 0xFF, 0xFF, 0xFF, 0xFF, 0xFF, 0xFF, 0xFF, 0xFF, 0xFF,
0x96, 0x68, 0x00, 0x00, 0x2E, 0x61, 0x00, 0x00, 0x75, 0x18, 0x00, 0x04, 0x76, 0x11, 0x14, 0xF9,
0xFF, 0xFF, 0xFF, 0xFF, 0xFF, 0xFF, 0xFF, 0xFF, 0xFF, 0xFF, 0xFF, 0xFF, 0xF7, 0x09, 0x00, 0x2F,
0x65, 0x00, 0x00, 0x16, 0x0E, 0x00, 0x04, 0x77, 0x11, 0x00, 0x62, 0xFF, 0xFF, 0xFF, 0xFF, 0xFF,
0xFF, 0xFF, 0xFF, 0xFF, 0xFF, 0xFF, 0xFF, 0xFF, 0xFF, 0x4D, 0x30, 0x66, 0x00, 0x00, 0x1A, 0x6F,
0x00, 0x04, 0x78, 0x11, 0x00, 0x0A, 0xC5, 0xFF, 0xFF, 0xFF, 0xFF, 0xFF, 0xFF, 0xFF, 0xFF, 0xFF,
0xFF, 0xFF, 0xFF, 0xFF, 0xFF, 0xBB, 0x68, 0x00, 0x00, 0x1E, 0x6F, 0x00, 0x04, 0x78, 0x11, 0x00,
0x0A, 0x82, 0xAD, 0xFF, 0xFF, 0xFF, 0xFF, 0xFF, 0xFF, 0xFF, 0xFF, 0xFF, 0xFF, 0xFF, 0xFF, 0xFF,
0xFF, 0xB5, 0x00, 0x00, 0x23, 0x6E, 0x00, 0x00, 0x7A, 0x10, 0x00, 0x0A, 0x7C, 0x0B, 0x89, 0xFF,
0xFF, 0xFF, 0xFF, 0xFF, 0xFF, 0xFF, 0xFF, 0xFF, 0xFF, 0xFF, 0xFF, 0xFF, 0xFF, 0x90, 0x00, 0x26,
0x6C, 0x00, 0x00, 0x3E, 0x06, 0x00, 0x0A, 0x7B, 0x09, 0x00, 0x4B, 0xB7, 0x80, 0x80, 0x97, 0xAF,
0x80, 0x80, 0xA2, 0xA6, 0x80, 0x80, 0xAC, 0x9A, 0x80, 0x3C, 0x2C, 0x6A, 0x00, 0x00, 0x47, 0x45,
0x00, 0x0A, 0x7B, 0x0A, 0x00, 0x0E, 0x7B, 0x05, 0x00, 0x16, 0x77, 0x02, 0x00, 0x22, 0x70, 0x00,
0x00, 0x2D, 0x63, 0x00, 0x00, 0x33, 0x66, 0x00, 0x00, 0x42, 0x48, 0x00, 0x0A, 0x7B, 0x0A, 0x00,
0x0E, 0x7A, 0x06, 0x00, 0x16, 0x76, 0x02, 0x00, 0x20, 0x70, 0x00, 0x00, 0x2C, 0x67, 0x00, 0x00,
0x39, 0x64, 0x00, 0x00, 0x40, 0x4B, 0x00, 0x00, 0x7C, 0x0A, 0x00, 0x10, 0x79, 0x06, 0x00, 0x18,
0x75, 0x02, 0x00, 0x1E, 0x6C, 0x00, 0x00, 0x2B, 0x66, 0x00, 0x00, 0x33, 0x60, 0x00, 0x00, 0x3D,
0x50, 0x00, 0x00, 0x00, 0x00, 0x00, 0x00, 0x4F, 0x3D, 0x00, 0x00, 0x2B, 0x50, 0x00, 0x00, 0x66,
0x2B, 0x00, 0x00, 0x6E, 0x1F, 0x00, 0x01, 0x75, 0x18, 0x00, 0x05, 0x7A, 0x10, 0x00, 0x0A, 0x7B,
0x00, 0x00, 0x4B, 0x3E, 0x00, 0x00, 0x32, 0x53, 0x00, 0x00, 0x65, 0x2D, 0x00, 0x00, 0x6C, 0x22,
0x00, 0x01, 0x75, 0x18, 0x00, 0x04, 0x78, 0x10, 0x00, 0x0A, 0x7B, 0x0A, 0x00, 0x48, 0x42, 0x00,
0x00, 0x39, 0x51, 0x00, 0x00, 0x66, 0x2D, 0x00, 0x00, 0x6A, 0x22, 0x00, 0x02, 0x77, 0x18, 0x00,
0x04, 0x77, 0x10, 0x00, 0x0A, 0x7B, 0x0A, 0x00, 0x45, 0x48, 0x00, 0x00, 0x40, 0x4E, 0x00, 0x00,
0x66, 0x2F, 0x00, 0x15, 0xA9, 0xEE, 0xE0, 0xA3, 0x7F, 0x18, 0x00, 0x04, 0x77, 0x10, 0x00, 0x0A,
0x7B, 0x0A, 0x00, 0x06, 0x3F, 0x00, 0x00, 0x49, 0x4C, 0x00, 0x00, 0x66, 0x30, 0x00, 0x02, 0xCA,
0x6A, 0x02, 0x06, 0x75, 0xBC, 0x00, 0x04, 0x78, 0x10, 0x00, 0x0A, 0x7C, 0x0A, 0x00, 0x10, 0x7A,
0x00, 0x00, 0x53, 0x4A, 0x00, 0x00, 0x67, 0x32, 0x00, 0x00, 0x8B, 0xB5, 0x00, 0x00, 0x00, 0x00,
0xC1, 0x33, 0x79, 0x10, 0x00, 0x0A, 0x7B, 0x09, 0x00, 0x10, 0x79, 0x05, 0x00, 0x59, 0x48, 0x00,
0x00, 0x67, 0x33, 0x00, 0x00, 0x71, 0x59, 0xA7, 0x00, 0x00, 0x00, 0x00, 0xA8, 0xA8, 0x10, 0x00,
0x0A, 0x79, 0x09, 0x00, 0x10, 0x78, 0x04, 0x00, 0x5D, 0x44, 0x00, 0x00, 0x66, 0x34, 0x00, 0x00,
0x6F, 0x22, 0x0D, 0xEA, 0x0C, 0x00, 0x00, 0x10, 0xEC, 0x15, 0x00, 0x0A, 0x78, 0x09, 0x00, 0x10,
0x77, 0x04, 0x00, 0x0E, 0x34, 0x00, 0x00, 0x65, 0x33, 0x00, 0x00, 0x6E, 0x22, 0x09, 0xB9, 0x9C,
0x0F, 0x00, 0x00, 0x0F, 0x9E, 0xC4, 0x17, 0x77, 0x08, 0x00, 0x10, 0x77, 0x04, 0x00, 0x18, 0x75,
0x00, 0x00, 0x64, 0x33, 0x00, 0x00, 0x6C, 0x22, 0x00, 0x94, 0x82, 0x00, 0x00, 0x00, 0x00, 0x00,
0x00, 0x76, 0xCB, 0x08, 0x00, 0x10, 0x77, 0x04, 0x00, 0x19, 0x75, 0x01, 0x00, 0x63, 0x32, 0x00,
0x00, 0x6A, 0x22, 0x00, 0x08, 0xDF, 0x06, 0x00, 0x00, 0x00, 0x00, 0x00, 0x00, 0x02, 0xD8, 0x02,
0x10, 0x78, 0x04, 0x00, 0x19, 0x75, 0x01, 0x00, 0x62, 0x32, 0x00, 0x00, 0x6A, 0x22, 0x00, 0x01,
0x8C, 0xB7, 0x00, 0x00, 0x00, 0x00, 0x00, 0x00, 0x00, 0x00, 0xC9, 0x21, 0x7A, 0x04, 0x00, 0x1A,
0x74, 0x01, 0x00, 0x18, 0x25, 0x00, 0x00, 0x6B, 0x22, 0x00, 0x01, 0x75, 0x34, 0xC6, 0x00, 0x00,
0x00, 0x00, 0x00, 0x00, 0x00, 0x00, 0xE9, 0x7F, 0x04, 0x00, 0x1A, 0x74, 0x01, 0x00, 0x23, 0x6D,
0x00, 0x00, 0x6B, 0x22, 0x00, 0x01, 0x75, 0x18, 0x00, 0xCE, 0x24, 0x00, 0x00, 0x00, 0x00, 0x00,
0x00, 0x47, 0xC1, 0x05, 0x00, 0x1B, 0x74, 0x01, 0x00, 0x24, 0x6D, 0x00, 0x00, 0x6C, 0x22, 0x00,
0x01, 0x75, 0x18, 0x00, 0x04, 0xA3, 0xCA, 0x0D, 0x00, 0x00, 0x00, 0x00, 0x0E, 0xCE, 0x42, 0x00,
0x1B, 0x73, 0x01, 0x00, 0x25, 0x6D, 0x00, 0x00, 0x6D, 0x22, 0x00, 0x01, 0x75, 0x18, 0x00, 0x04,
0x93, 0xDC, 0x84, 0x0B, 0x00, 0x00, 0x00, 0x00, 0x0D, 0x94, 0xC7, 0x34, 0x73, 0x01, 0x00, 0x25,
0x6D, 0x00, 0x00, 0x25, 0x17, 0x00, 0x01, 0x75, 0x18, 0x00, 0x04, 0x8E, 0xE8, 0x4B, 0x00, 0x00,
0x00, 0x00, 0x00, 0x00, 0x00, 0x00, 0x54, 0xEE, 0x14, 0x00, 0x24, 0x6D, 0x00, 0x00, 0x30, 0x5F,
0x00, 0x01, 0x75, 0x18, 0x00, 0x04, 0x7A, 0xD3, 0x4F, 0x00, 0x00, 0x00, 0x00, 0x00, 0x00, 0x00,
0x00, 0x00, 0x00, 0x5D, 0xB7, 0x24, 0x6D, 0x00, 0x00, 0x2F, 0x61, 0x00, 0x01, 0x75, 0x18, 0x00,
0x04, 0x76, 0x7A, 0x99, 0x00, 0x00, 0x00, 0x00, 0x00, 0x00, 0x00, 0x00, 0x00, 0x00, 0x00, 0x00,
0xA1, 0x9E, 0x00, 0x00, 0x2F, 0x63, 0x00, 0x00, 0x75, 0x18, 0x00, 0x04, 0x76, 0x11, 0xD8, 0x1A,
0x00, 0x00, 0x00, 0x00, 0x00, 0x00, 0x00, 0x00, 0x00, 0x00, 0x00, 0x00, 0x1E, 0xD1, 0x00, 0x2F,
0x64, 0x00, 0x00, 0x16, 0x0E, 0x00, 0x04, 0x77, 0x10, 0x2E, 0xC6, 0x00, 0x00, 0x00, 0x00, 0x00,
0x00, 0x00, 0x00, 0x00, 0x00, 0x00, 0x00, 0x00, 0x00, 0xC1, 0x59, 0x64, 0x00, 0x00, 0x1A, 0x6F,
0x00, 0x04, 0x78, 0x10, 0x00, 0x5C, 0x8C, 0x00, 0x00, 0x00, 0x00, 0x00, 0x00, 0x00, 0x00, 0x00,
0x00, 0x00, 0x00, 0x00, 0x00, 0x8E, 0x8D, 0x00, 0x00, 0x1E, 0x6F, 0x00, 0x05, 0x79, 0x10, 0x00,
0x0A, 0xB1, 0x85, 0x00, 0x00, 0x00, 0x00, 0x00, 0x00, 0x00, 0x00, 0x00, 0x00, 0x00, 0x00, 0x00,
0x00, 0x88, 0x61, 0x00, 0x23, 0x6E, 0x00, 0x00, 0x7A, 0x10, 0x00, 0x0A, 0x7F, 0x49, 0xAB, 0x00,
0x00, 0x00, 0x00, 0x00, 0x00, 0x00, 0x00, 0x00, 0x00, 0x00, 0x00, 0x00, 0x00, 0xAE, 0x3D, 0x26,
0x6C, 0x00, 0x00, 0x3E, 0x06, 0x00, 0x0A, 0x7C, 0x0A, 0x04, 0xE1, 0xDD, 0xDC, 0xDC, 0xDC, 0xDC,
0xDC, 0xDC, 0xDC, 0xDC, 0xDC, 0xDC, 0xDC, 0xDC, 0xDD, 0xDB, 0x31, 0x6A, 0x00, 0x00, 0x47, 0x45,
0x00, 0x0A, 0x7B, 0x0A, 0x00, 0x11, 0x80, 0x04, 0x00, 0x1A, 0x78, 0x09, 0x08, 0x27, 0x6E, 0x02,
0x06, 0x33, 0x64, 0x00, 0x00, 0x33, 0x66, 0x00, 0x00, 0x42, 0x48, 0x00, 0x0A, 0x7B, 0x0A, 0x00,
0x10, 0x7A, 0x05, 0x00, 0x18, 0x78, 0x02, 0x00, 0x1F, 0x6E, 0x00, 0x00, 0x2A, 0x65, 0x00, 0x00,
0x39, 0x64, 0x00, 0x00, 0x40, 0x4B, 0x00, 0x00, 0x7C, 0x0A, 0x00, 0x10, 0x7A, 0x05, 0x00, 0x18,
0x76, 0x02, 0x00, 0x1E, 0x6C, 0x00, 0x00, 0x2A, 0x65, 0x00, 0x00, 0x33, 0x60, 0x00, 0x00, 0x3D,
0x50, 0x00, 0x00, 0x00, 0x00, 0x00, 0x00, 0x4F, 0x3D, 0x00, 0x00, 0x28, 0x52, 0x00, 0x00, 0x63,
0x2B, 0x56, 0x5C, 0x6D, 0x1E, 0x00, 0x01, 0x73, 0x18, 0x00, 0x04, 0x77, 0x10, 0x00, 0x0A, 0x7C,
0x00, 0x00, 0x4B, 0x3E, 0x00, 0x00, 0x33, 0xA6, 0x2D, 0x00, 0x63, 0x2B, 0x87, 0xBB, 0xBE, 0x96,
0x00, 0x01, 0x70, 0x41, 0x4C, 0x0A, 0x76, 0x0F, 0x00, 0x0B, 0x7E, 0x0A, 0x00, 0x48, 0x42, 0x00,
0x00, 0x3A, 0xF0, 0xBC, 0xE0, 0x92, 0x2E, 0x00, 0xCD, 0x33, 0x33, 0xD4, 0x01, 0x6D, 0x64, 0xE3,
0xBD, 0xE0, 0x10, 0x00, 0x0C, 0x7F, 0x0A, 0x00, 0x45, 0x4E, 0x13, 0x00, 0x43, 0x5D, 0xF5, 0x03,
0x67, 0x9B, 0x00, 0x00, 0xA4, 0xE7, 0xE7, 0x67, 0x71, 0x16, 0x9D, 0x67, 0x02, 0xF1, 0x04, 0x0C,
0x81, 0x1F, 0x07, 0x06, 0x6F, 0xE8, 0xE9, 0xAF, 0x51, 0x00, 0xAE, 0xC2, 0xE6, 0x42, 0x00, 0x69,
0x20, 0xE2, 0xE2, 0x74, 0x18, 0x00, 0x4B, 0xE4, 0xBC, 0xB6, 0x0B, 0x7F, 0x93, 0xEC, 0xE7, 0x8A,
0x98, 0x6D, 0x07, 0xF2, 0x0A, 0x00, 0x6B, 0xED, 0xF2, 0x08, 0x65, 0x1E, 0x0B, 0xF4, 0xF5, 0x24,
0x00, 0x05, 0x87, 0xFD, 0xE4, 0x12, 0x7E, 0x0D, 0xF5, 0x09, 0x6E, 0x99, 0x63, 0xCD, 0x96, 0xD8,
0x00, 0x62, 0x2F, 0xE4, 0xD7, 0x9E, 0x1E, 0x00, 0x37, 0xCB, 0xC9, 0x36, 0x04, 0x7A, 0x62, 0xD5,
0xEA, 0x7E, 0x0A, 0x00, 0xD3, 0x90, 0xC9, 0x6A, 0x5C, 0x7F, 0xFF, 0xB4, 0x62, 0x31, 0x00, 0xF0,
0x69, 0xA7, 0x00, 0x01, 0xA1, 0x9D, 0x9C, 0x68, 0x76, 0x10, 0xA8, 0x65, 0xF8, 0x0A, 0x00, 0x11,
0xD4, 0xFF, 0x5D, 0x0F, 0x34, 0x00, 0xEA, 0xFC, 0x51, 0x00, 0x03, 0xFC, 0x0D, 0xEA, 0x0D, 0x70,
0xA9, 0x70, 0x70, 0xC7, 0x0E, 0x0C, 0xEC, 0x0C, 0xFD, 0x04, 0x10, 0xA0, 0xFB, 0xEB, 0x1A, 0x76,
0x00, 0x00, 0xD3, 0xAC, 0xA1, 0x00, 0x79, 0xF0, 0x00, 0xA9, 0xA6, 0x16, 0xC0, 0x44, 0x42, 0xBD,
0x00, 0x5D, 0xA7, 0x00, 0xF0, 0x21, 0x78, 0xA4, 0xAB, 0xE1, 0x78, 0x01, 0x00, 0x63, 0xCE, 0x61,
0xEB, 0x80, 0x40, 0xE2, 0x00, 0x50, 0xB2, 0x00, 0xEC, 0x17, 0x13, 0xEA, 0x0A, 0xCD, 0x4D, 0x00,
0xE2, 0x87, 0x25, 0xE6, 0x62, 0xBD, 0x01, 0x00, 0x62, 0x31, 0x8B, 0x73, 0x7F, 0x9B, 0x2D, 0xD2,
0x00, 0x07, 0xEA, 0x2D, 0xEB, 0x00, 0x00, 0xE7, 0x9B, 0xEF, 0x06, 0x00, 0xD2, 0x2B, 0x9B, 0x79,
0x76, 0x87, 0x00, 0x18, 0x24, 0x00, 0x68, 0x95, 0x10, 0xEA, 0x59, 0xC3, 0x00, 0x00, 0x9F, 0xDD,
0xBE, 0x00, 0x00, 0xBA, 0xAD, 0x9E, 0x00, 0x00, 0xC3, 0x5A, 0xEA, 0x0E, 0x97, 0x65, 0x23, 0x6E,
0x00, 0x00, 0x8E, 0xB7, 0x00, 0x83, 0xE9, 0xB4, 0x00, 0x00, 0x47, 0xFF, 0x92, 0x38, 0x36, 0x91,
0xFF, 0x46, 0x00, 0x00, 0xB4, 0xDB, 0x82, 0x00, 0xB7, 0x69, 0x6F, 0x00, 0x00, 0x6F, 0x4B, 0xD7,
0x00, 0x12, 0xF4, 0xAC, 0x73, 0xAC, 0x6C, 0xFC, 0xD9, 0xE6, 0xE2, 0xD8, 0xFB, 0x6D, 0xA9, 0x70,
0xAB, 0xF1, 0x11, 0x00, 0xD7, 0x83, 0x00, 0x00, 0x6E, 0x23, 0x07, 0xF1, 0x88, 0xC4, 0xEE, 0xF3,
0x9A, 0x5D, 0x8F, 0x93, 0x64, 0x0D, 0x0A, 0x65, 0x9C, 0x94, 0x60, 0x9A, 0xF2, 0xED, 0xBF, 0x87,
0xF5, 0x06, 0x00, 0x25, 0x17, 0x00, 0x01, 0xE9, 0xBA, 0x3A, 0x36, 0x0B, 0x00, 0x00, 0x00, 0x00,
0x00, 0x00, 0x00, 0x00, 0x00, 0x00, 0x00, 0x00, 0x0A, 0x39, 0x3D, 0xB9, 0xE1, 0x00, 0x2F, 0x5E,
0x00, 0x01, 0x71, 0x7B, 0xD2, 0x0C, 0x00, 0x00, 0x0D, 0x41, 0x71, 0x8E, 0x9A, 0xA7, 0xAD, 0x99,
0x84, 0x6C, 0x41, 0x10, 0x00, 0x00, 0x0D, 0xD5, 0x67, 0x2E, 0x5C, 0x00, 0x01, 0x74, 0x18, 0x00,
0x97, 0xB3, 0x7C, 0xC8, 0xF2, 0xBE, 0x95, 0x6E, 0x5A, 0x49, 0x4A, 0x5E, 0x75, 0x90, 0xC0, 0xEF,
0xC7, 0x7C, 0xB4, 0x94, 0x2D, 0x5B, 0x00, 0x00, 0x75, 0x18, 0x00, 0x05, 0x7C, 0xC9, 0xB3, 0x40,
0x06, 0x00, 0x00, 0x01, 0x14, 0x18, 0x19, 0x11, 0x00, 0x00, 0x00, 0x04, 0x3D, 0xB3, 0xC8, 0x34,
0x5E, 0x00, 0x00, 0x16, 0x0E, 0x00, 0x05, 0x7D, 0x11, 0x4D, 0xC0, 0x06, 0x4C, 0x94, 0xCE, 0xF4,
0xE9, 0xE4, 0xE4, 0xEB, 0xEB, 0xC8, 0x94, 0x49, 0x06, 0xC4, 0x80, 0x61, 0x00, 0x00, 0x1A, 0x6F,
0x00, 0x05, 0x7E, 0x12, 0x00, 0x0C, 0xF5, 0xEE, 0xBB, 0x75, 0x36, 0x07, 0x00, 0x00, 0x00, 0x00,
0x09, 0x34, 0x71, 0xBA, 0xED, 0xFC, 0x67, 0x00, 0x00, 0x1E, 0x6F, 0x00, 0x05, 0x7D, 0x12, 0x00,
0x0A, 0x8E, 0xF4, 0x2C, 0x02, 0x30, 0x58, 0x7B, 0x91, 0x98, 0x9D, 0x96, 0x81, 0x5F, 0x32, 0x04,
0x2A, 0xEE, 0x0D, 0x00, 0x23, 0x6E, 0x00, 0x00, 0x7B, 0x11, 0x00, 0x0A, 0x7D, 0x7C, 0xDE, 0xB3,
0xEB, 0xCE, 0xA2, 0x83, 0x69, 0x60, 0x60, 0x63, 0x7F, 0xA1, 0xC7, 0xF1, 0xBA, 0xE0, 0x6D, 0x26,
0x6C, 0x00, 0x00, 0x3E, 0x06, 0x00, 0x0A, 0x7C, 0x0A, 0x9D, 0xFE, 0x98, 0x22, 0x00, 0x00, 0x00,
0x00, 0x00, 0x00, 0x00, 0x00, 0x00, 0x00, 0x20, 0xA1, 0xFF, 0xCA, 0x6A, 0x00, 0x00, 0x47, 0x45,
0x00, 0x0A, 0x7B, 0x0A, 0x00, 0x12, 0xA0, 0xB0, 0xF0, 0xEC, 0xD1, 0xD0, 0xD1, 0xD3, 0xD4, 0xD4,
0xD6, 0xDA, 0xE9, 0xF0, 0xB3, 0x85, 0x69, 0x00, 0x00, 0x42, 0x48, 0x00, 0x0A, 0x7B, 0x0A, 0x00,
0x0E, 0x77, 0x05, 0x00, 0x19, 0x80, 0x2F, 0x33, 0x52, 0x87, 0x33, 0x30, 0x5B, 0x77, 0x17, 0x00,
0x39, 0x64, 0x00, 0x00, 0x40, 0x4B, 0x00, 0x00, 0x7C, 0x0A, 0x00, 0x0F, 0x77, 0x05, 0x00, 0x18,
0x75, 0x01, 0x00, 0x1D, 0x6D, 0x00, 0x00, 0x2B, 0x66, 0x00, 0x00, 0x33, 0x60, 0x00, 0x00, 0x3D,
0x50, 0x00, 0x00, 0x00, 0x00, 0x00, 0x00, 0x4F, 0x3D, 0x00, 0x00, 0x2B, 0x50, 0x00, 0x00, 0x66,
0x2C, 0x00, 0x00, 0x6D, 0x1E, 0x00, 0x02, 0x77, 0x18, 0x00, 0x05, 0x7A, 0x10, 0x00, 0x0A, 0x7B,
0x00, 0x00, 0x4B, 0x3E, 0x00, 0x00, 0x32, 0x53, 0x00, 0x00, 0x63, 0x2C, 0x00, 0x00, 0x73, 0x20,
0x00, 0x02, 0x7B, 0x18, 0x00, 0x05, 0x7A, 0x10, 0x00, 0x0A, 0x7B, 0x0A, 0x00, 0x48, 0x42, 0x00,
0x00, 0x39, 0x51, 0x00, 0x00, 0x63, 0x2C, 0x00, 0x00, 0x71, 0x22, 0x00, 0x02, 0x7A, 0x18, 0x00,
0x05, 0x7A, 0x10, 0x00, 0x0A, 0x7C, 0x0A, 0x00, 0x45, 0x48, 0x00, 0x00, 0x40, 0x71, 0x90, 0x90,
0xA4, 0x71, 0x00, 0x50, 0xAE, 0xB1, 0x8F, 0x8E, 0x91, 0x19, 0x4F, 0x90, 0xBE, 0xA0, 0x1B, 0x0A,
0x7B, 0x0A, 0x00, 0x06, 0x3F, 0x00, 0x00, 0x49, 0x4C, 0x55, 0xB3, 0x58, 0x87, 0x9B, 0x00, 0xBA,
0x7C, 0x58, 0x58, 0x87, 0x9C, 0x00, 0xA6, 0x7C, 0x58, 0xBE, 0x51, 0x7A, 0x09, 0x00, 0x10, 0x79,
0x00, 0x00, 0x53, 0x4A, 0x00, 0x58, 0x8C, 0x00, 0x3F, 0xEC, 0xD4, 0xFF, 0x30, 0x00, 0x00, 0x3F,
0xEC, 0xCC, 0xEE, 0x30, 0x00, 0x9C, 0xA3, 0x09, 0x00, 0x10, 0x78, 0x04, 0x00, 0x59, 0x48, 0x00,
0x00, 0x87, 0x8C, 0x00, 0x00, 0x19, 0x1C, 0x18, 0x00, 0x00, 0x00, 0x00, 0x19, 0x1C, 0x18, 0x00,
0x00, 0x9C, 0x45, 0x00, 0x10, 0x76, 0x04, 0x00, 0x5D, 0x44, 0x00, 0x00, 0x5F, 0x82, 0xD2, 0x9C,
0x9C, 0x9C, 0x9C, 0x9C, 0x9C, 0x9C, 0x9C, 0x9C, 0x9C, 0x9C, 0x9C, 0x9C, 0x9C, 0xD8, 0x43, 0x10,
0x74, 0x04, 0x00, 0x0E, 0x34, 0x00, 0x00, 0x5F, 0x2C, 0x0C, 0xBA, 0xCB, 0x4B, 0x48, 0x48, 0x48,
0x48, 0x48, 0x48, 0x48, 0x48, 0x48, 0x48, 0x4D, 0xD5, 0xB0, 0x1B, 0x74, 0x03, 0x00, 0x18, 0x75,
0x00, 0x00, 0x5E, 0x2C, 0x00, 0x00, 0x6E, 0xA0, 0xB5, 0x64, 0x64, 0x64, 0x64, 0x64, 0x64, 0x64,
0x64, 0x64, 0x64, 0xBE, 0x8B, 0x14, 0x75, 0x03, 0x00, 0x18, 0x73, 0x01, 0x00, 0x5E, 0x2D, 0x00,
0x00, 0x6E, 0x24, 0x00, 0xC3, 0x98, 0x80, 0x80, 0x80, 0x80, 0x80, 0x80, 0x80, 0x80, 0x9E, 0xB8,
0x12, 0x76, 0x03, 0x00, 0x18, 0x71, 0x01, 0x00, 0x5E, 0x2F, 0x00, 0x00, 0x70, 0x25, 0x00, 0x01,
0xC8, 0x30, 0x00, 0x00, 0x00, 0x00, 0x00, 0x00, 0x00, 0x00, 0x3C, 0xBF, 0x78, 0x03, 0x00, 0x18,
0x6F, 0x01, 0x00, 0x18, 0x24, 0x00, 0x00, 0x71, 0x26, 0x00, 0x01, 0x73, 0xCF, 0x30, 0x00, 0x00,
0x00, 0x00, 0x00, 0x00, 0x00, 0x00, 0x3C, 0xC6, 0x03, 0x00, 0x19, 0x6E, 0x01, 0x00, 0x22, 0x6D,
0x00, 0x00, 0x70, 0x25, 0x00, 0x01, 0x74, 0x1B, 0xB8, 0x30, 0x00, 0x00, 0x00, 0x00, 0x00, 0x00,
0x00, 0x00, 0x3C, 0xA8, 0x00, 0x1A, 0x70, 0x01, 0x00, 0x22, 0x6D, 0x00, 0x00, 0x6F, 0x24, 0x00,
0x01, 0x74, 0x1A, 0x00, 0xB8, 0x30, 0x00, 0x00, 0x00, 0x00, 0x00, 0x00, 0x00, 0x00, 0x3C, 0xA8,
0x1B, 0x71, 0x01, 0x00, 0x22, 0x6D, 0x00, 0x00, 0x6E, 0x23, 0x00, 0x01, 0x75, 0x19, 0x00, 0x03,
0xCE, 0x30, 0x00, 0x00, 0x00, 0x00, 0x00, 0x00, 0x00, 0x00, 0x3C, 0xC1, 0x72, 0x01, 0x00, 0x22,
0x6E, 0x00, 0x00, 0x25, 0x17, 0x00, 0x01, 0x75, 0x18, 0x00, 0x04, 0x77, 0xC8, 0x30, 0x00, 0x00,
0x00, 0x00, 0x00, 0x00, 0x00, 0x00, 0x3C, 0xBF, 0x01, 0x00, 0x23, 0x6E, 0x00, 0x00, 0x32, 0x5F,
0x00, 0x01, 0x75, 0x18, 0x00, 0x04, 0x78, 0x11, 0xB8, 0x46, 0x1C, 0x1C, 0x1C, 0x1C, 0x1C, 0x1C,
0x1C, 0x1C, 0x51, 0xA8, 0x00, 0x23, 0x6B, 0x00, 0x00, 0x33, 0x61, 0x00, 0x01, 0x75, 0x18, 0x00,
0x04, 0x79, 0x11, 0x27, 0xDE, 0xC4, 0xC4, 0xC4, 0xC4, 0xC4, 0xC4, 0xC4, 0xC4, 0xC4, 0xC4, 0xDA,
0x42, 0x71, 0x00, 0x00, 0x33, 0x62, 0x00, 0x00, 0x75, 0x18, 0x00, 0x05, 0x7A, 0x10, 0x28, 0xD9,
0x3B, 0x00, 0x00, 0x00, 0x00, 0x00, 0x00, 0x00, 0x00, 0x00, 0x00, 0x46, 0xEB, 0x1E, 0x00, 0x32,
0x63, 0x00, 0x00, 0x15, 0x0E, 0x00, 0x05, 0x7A, 0x10, 0x1B, 0xE4, 0xB0, 0x74, 0x74, 0x74, 0x74,
0x74, 0x74, 0x74, 0x74, 0x74, 0x74, 0x74, 0x74, 0xB8, 0xD9, 0x41, 0x61, 0x00, 0x00, 0x18, 0x6C,
0x00, 0x05, 0x7A, 0x10, 0x00, 0x52, 0xC0, 0x74, 0x74, 0x74, 0x74, 0x74, 0x74, 0x74, 0x74, 0x74,
0x74, 0x74, 0x74, 0x74, 0x74, 0xC9, 0x7F, 0x00, 0x00, 0x1C, 0x6A, 0x00, 0x05, 0x7A, 0x10, 0x00,
0x21, 0xBA, 0xAA, 0x44, 0x44, 0x44, 0x44, 0x44, 0x44, 0x44, 0x44, 0x44, 0x44, 0x44, 0x44, 0x44,
0x44, 0xB6, 0x7A, 0x1D, 0x23, 0x6A, 0x00, 0x00, 0x7A, 0x10, 0x00, 0x09, 0xCE, 0xB3, 0xA0, 0xA0,
0xA0, 0xA0, 0xA0, 0xA0, 0xA0, 0xA0, 0xA0, 0xA0, 0xA0, 0xA0, 0xA0, 0xA0, 0xA0, 0xA0, 0xB9, 0xC0,
0x6D, 0x00, 0x00, 0x3E, 0x06, 0x00, 0x08, 0x7D, 0xB4, 0x4A, 0x1C, 0x1C, 0x1C, 0x1C, 0x1C, 0x1C,
0x1C, 0x1C, 0x1C, 0x1C, 0x1C, 0x1C, 0x1C, 0x1C, 0x1C, 0x1C, 0x58, 0xB2, 0x00, 0x00, 0x47, 0x45,
0x00, 0x08, 0x78, 0x0B, 0x74, 0xD2, 0xD7, 0xC4, 0xC4, 0xD7, 0xD2, 0xC4, 0xC4, 0xDC, 0xCE, 0xC7,
0xC8, 0xE2, 0xC9, 0xC4, 0xC8, 0xE5, 0xC8, 0x68, 0x00, 0x42, 0x48, 0x00, 0x09, 0x78, 0x0A, 0x00,
0x10, 0x76, 0x05, 0x00, 0x18, 0x73, 0x01, 0x00, 0x23, 0x6C, 0x00, 0x00, 0x2E, 0x60, 0x00, 0x00,
0x3A, 0x64, 0x00, 0x00, 0x40, 0x4B, 0x00, 0x00, 0x7B, 0x0A, 0x00, 0x10, 0x79, 0x04, 0x00, 0x18,
0x74, 0x01, 0x00, 0x1F, 0x6C, 0x00, 0x00, 0x2B, 0x63, 0x00, 0x00, 0x33, 0x60, 0x00, 0x00, 0x3D,
0x50, 0x00, 0x00, 0x00, 0x00, 0x00, 0x00, 0x4F, 0x3D, 0x00, 0x00, 0x29, 0x52, 0x00, 0x00, 0x64,
0x2B, 0x00, 0x00, 0x6C, 0x1E, 0x00, 0x01, 0x75, 0x18, 0x00, 0x04, 0x79, 0x10, 0x00, 0x0A, 0x7B,
0x00, 0x00, 0x4B, 0x3E, 0x00, 0x00, 0x30, 0x55, 0x00, 0x00, 0x62, 0x2D, 0x00, 0x00, 0x6F, 0x1F,
0x00, 0x01, 0x75, 0x18, 0x00, 0x04, 0x78, 0x10, 0x00, 0x0A, 0x7B, 0x0A, 0x00, 0x48, 0x42, 0x00,
0x01, 0x39, 0x53, 0x00, 0x00, 0x5F, 0x2E, 0x00, 0x00, 0x72, 0x1F, 0x00, 0x02, 0x75, 0x18, 0x00,
0x04, 0x77, 0x10, 0x03, 0x0A, 0x79, 0x09, 0x00, 0x45, 0x48, 0x00, 0x4E, 0xD5, 0x92, 0x03, 0x00,
0x61, 0x2D, 0x00, 0x00, 0x70, 0x20, 0x00, 0x02, 0x77, 0x18, 0x00, 0x05, 0x78, 0x12, 0x51, 0xE0,
0x9B, 0x08, 0x00, 0x06, 0x3F, 0x00, 0x11, 0xF3, 0xFF, 0xFF, 0xED, 0xBB, 0xC6, 0x9C, 0x8E, 0xA0,
0x45, 0x00, 0x02, 0x96, 0x83, 0x94, 0x9D, 0xC0, 0xC7, 0xF0, 0xFF, 0xFF, 0xF6, 0x1C, 0x10, 0x79,
0x00, 0x00, 0x50, 0x78, 0xDD, 0xFF, 0xFF, 0xFF, 0xFF, 0xFF, 0xFF, 0xFF, 0xFF, 0xB1, 0xB7, 0xFF,
0xFF, 0xFF, 0xFF, 0xFF, 0xFF, 0xFF, 0xFF, 0xBB, 0x2C, 0x10, 0x78, 0x04, 0x00, 0x56, 0x48, 0x00,
0x04, 0x9A, 0x77, 0x6E, 0x62, 0xB2, 0x7E, 0xC0, 0xFA, 0xFF, 0xFF, 0xFA, 0xBA, 0xBE, 0x71, 0x7F,
0x92, 0xB6, 0x27, 0x00, 0x10, 0x76, 0x04, 0x00, 0x5C, 0x44, 0x00, 0x00, 0x62, 0x2D, 0x00, 0x00,
0x6B, 0x22, 0x00, 0x01, 0x89, 0xF1, 0xF4, 0x3F, 0x7A, 0x10, 0x00, 0x0A, 0x77, 0x08, 0x00, 0x10,
0x75, 0x04, 0x00, 0x0E, 0x34, 0x00, 0x00, 0x5C, 0x2C, 0x00, 0x00, 0x6C, 0x22, 0x0B, 0x6F, 0xCE,
0xFF, 0xFF, 0xFF, 0xFF, 0xCD, 0x62, 0x14, 0x79, 0x08, 0x00, 0x10, 0x74, 0x03, 0x00, 0x18, 0x75,
0x00, 0x00, 0x58, 0x2C, 0x00, 0x00, 0x6C, 0x22, 0x00, 0xA9, 0x31, 0xA6, 0xED, 0xFF, 0xFF, 0xF9,
0xC1, 0x44, 0x9D, 0x09, 0x00, 0x10, 0x75, 0x03, 0x00, 0x18, 0x75, 0x01, 0x00, 0x5B, 0x2D, 0x00,
0x00, 0x6D, 0x22, 0x00, 0x01, 0xC8, 0xD6, 0x64, 0x1F, 0x15, 0x20, 0x1D, 0x59, 0xCC, 0xB1, 0x00,
0x10, 0x76, 0x04, 0x00, 0x18, 0x75, 0x01, 0x00, 0x5D, 0x2F, 0x00, 0x00, 0x6D, 0x22, 0x00, 0x01,
0x72, 0x7B, 0xFF, 0xFF, 0xFF, 0xF9, 0xF6, 0xFF, 0xFF, 0xFF, 0x6E, 0x10, 0x77, 0x04, 0x00, 0x18,
0x76, 0x01, 0x00, 0x19, 0x24, 0x00, 0x00, 0x6D, 0x22, 0x00, 0x01, 0x73, 0x18, 0x54, 0xBE, 0x80,
0xC9, 0xEB, 0xEE, 0xD2, 0x8A, 0xA9, 0x66, 0x79, 0x04, 0x00, 0x18, 0x74, 0x01, 0x00, 0x26, 0x71,
0x00, 0x00, 0x6D, 0x22, 0x00, 0x01, 0x74, 0x18, 0x4D, 0xFA, 0xF7, 0x9C, 0x57, 0x38, 0x37, 0x5C,
0x9F, 0xF7, 0xFF, 0x52, 0x00, 0x18, 0x72, 0x01, 0x00, 0x25, 0x6F, 0x00, 0x00, 0x6D, 0x22, 0x00,
0x01, 0x74, 0x18, 0x0D, 0xF0, 0xFF, 0xFF, 0xFF, 0xFF, 0xFF, 0xFF, 0xFF, 0xFF, 0xFF, 0xFF, 0xEE,
0x28, 0x70, 0x01, 0x00, 0x25, 0x6D, 0x00, 0x00, 0x6E, 0x22, 0x00, 0x01, 0x75, 0x18, 0x00, 0x51,
0xFF, 0xFF, 0xFF, 0xFF, 0xFF, 0xFB, 0xFA, 0xFF, 0xFF, 0xFF, 0xFF, 0xFF, 0x9C, 0x01, 0x00, 0x25,
0x6D, 0x00, 0x00, 0x25, 0x17, 0x00, 0x01, 0x75, 0x18, 0x00, 0x04, 0xA2, 0xFF, 0xFF, 0xFF, 0xFF,
0xFF, 0x9C, 0x8C, 0xFF, 0xFF, 0xFF, 0xFF, 0xFF, 0x6C, 0x00, 0x24, 0x6C, 0x00, 0x00, 0x30, 0x5F,
0x00, 0x01, 0x75, 0x18, 0x00, 0x04, 0x75, 0x34, 0xFF, 0xFF, 0xFF, 0xFF, 0x94, 0x3C, 0x36, 0x7C,
0xFF, 0xFF, 0xFF, 0xFF, 0x34, 0x24, 0x70, 0x00, 0x00, 0x2F, 0x61, 0x00, 0x01, 0x75, 0x18, 0x00,
0x04, 0x77, 0x10, 0x00, 0xBB, 0xFF, 0xFF, 0xFF, 0xDC, 0x7C, 0x6F, 0xD4, 0xFF, 0xFF, 0xFF, 0xCB,
0x25, 0x70, 0x00, 0x00, 0x2E, 0x63, 0x00, 0x00, 0x75, 0x18, 0x00, 0x05, 0x78, 0x10, 0x00, 0x0A,
0x8A, 0xF3, 0xFF, 0xFF, 0xFF, 0xC4, 0xBB, 0xFF, 0xFF, 0xFF, 0xF7, 0x59, 0x6D, 0x00, 0x00, 0x2E,
0x65, 0x00, 0x00, 0x16, 0x0E, 0x00, 0x05, 0x79, 0x10, 0x00, 0x0A, 0x7B, 0x0A, 0x34, 0xE6, 0xFF,
0xFF, 0xFF, 0xFF, 0xFF, 0xFF, 0xEF, 0x66, 0x6D, 0x00, 0x00, 0x2D, 0x67, 0x00, 0x00, 0x1A, 0x6F,
0x00, 0x05, 0x7A, 0x10, 0x00, 0x0A, 0x7B, 0x0A, 0x00, 0x0F, 0x7C, 0xC4, 0xFF, 0xFF, 0xFF, 0xFF,
0xCF, 0x46, 0x6D, 0x00, 0x00, 0x2D, 0x69, 0x00, 0x00, 0x1E, 0x6F, 0x00, 0x05, 0x7A, 0x10, 0x00,
0x0A, 0x7B, 0x0A, 0x00, 0x0F, 0x7B, 0x05, 0x04, 0x96, 0xFF, 0xFE, 0x91, 0x2A, 0x6D, 0x00, 0x00,
0x2D, 0x6A, 0x00, 0x00, 0x23, 0x6E, 0x00, 0x00, 0x7A, 0x10, 0x00, 0x0A, 0x7B, 0x0A, 0x00, 0x10,
0x7D, 0x06, 0x00, 0x16, 0x6F, 0x42, 0x43, 0x21, 0x6D, 0x00, 0x00, 0x2C, 0x69, 0x00, 0x00, 0x26,
0x6C, 0x00, 0x00, 0x3E, 0x06, 0x00, 0x0A, 0x7B, 0x0A, 0x00, 0x10, 0x80, 0x06, 0x00, 0x17, 0x72,
0x01, 0x00, 0x20, 0x6C, 0x00, 0x00, 0x2C, 0x68, 0x00, 0x00, 0x2C, 0x6A, 0x00, 0x00, 0x47, 0x45,
0x00, 0x0A, 0x7B, 0x0A, 0x00, 0x10, 0x7E, 0x06, 0x00, 0x18, 0x74, 0x01, 0x00, 0x1F, 0x6B, 0x00,
0x00, 0x2B, 0x67, 0x00, 0x00, 0x33, 0x66, 0x00, 0x00, 0x42, 0x48, 0x00, 0x0A, 0x7B, 0x0A, 0x00,
0x10, 0x7C, 0x06, 0x00, 0x18, 0x75, 0x01, 0x00, 0x1F, 0x6A, 0x00, 0x00, 0x2A, 0x66, 0x00, 0x00,
0x39, 0x64, 0x00, 0x00, 0x40, 0x4B, 0x00, 0x00, 0x7C, 0x0A, 0x00, 0x10, 0x7A, 0x05, 0x00, 0x18,
0x75, 0x01, 0x00, 0x1E, 0x6A, 0x00, 0x00, 0x2A, 0x65, 0x00, 0x00, 0x33, 0x60, 0x00, 0x00, 0x3D,
0x50, 0x00, 0x00, 0x00, 0x00, 0x00, 0x00, 0x4F, 0x3D, 0x00, 0x00, 0x2B, 0x50, 0x00, 0x00, 0x68,
0x2C, 0x00, 0x00, 0x69, 0x1E, 0x00, 0x02, 0x77, 0x18, 0x00, 0x06, 0x79, 0x10, 0x00, 0x0A, 0x7B,
0x00, 0x00, 0x4B, 0x3E, 0x00, 0x00, 0x32, 0x53, 0x00, 0x00, 0x69, 0x2C, 0x00, 0x00, 0x69, 0x1E,
0x00, 0x03, 0x7A, 0x18, 0x00, 0x06, 0x7A, 0x0E, 0x00, 0x0A, 0x7B, 0x0A, 0x00, 0x48, 0x42, 0x00,
0x00, 0x39, 0x51, 0x00, 0x00, 0x67, 0x2B, 0x00, 0x00, 0x6C, 0x1F, 0x00, 0x02, 0x79, 0x18, 0x00,
0x05, 0x7B, 0x0E, 0x00, 0x0A, 0x7B, 0x0A, 0x00, 0x45, 0x48, 0x00, 0x00, 0x40, 0x4E, 0x0C, 0x0C,
0x68, 0x30, 0x00, 0x00, 0x76, 0x2E, 0x0C, 0x0C, 0x74, 0x18, 0x02, 0x0E, 0x80, 0x1B, 0x00, 0x09,
0x7B, 0x09, 0x00, 0x06, 0x3F, 0x00, 0x00, 0x49, 0x4C, 0x04, 0xFF, 0xFF, 0xFF, 0x30, 0x00, 0x74,
0xFA, 0xFF, 0xFF, 0xF9, 0x18, 0x00, 0x30, 0xFF, 0xFF, 0xFF, 0x0D, 0x7A, 0x0A, 0x00, 0x10, 0x7A,
0x00, 0x00, 0x53, 0x4A, 0x00, 0x04, 0xFF, 0xFF, 0xFF, 0x84, 0x9F, 0x89, 0xF8, 0xFF, 0xFF, 0xF8,
0x68, 0x68, 0xB4, 0xFF, 0xFF, 0xFF, 0x7C, 0x0A, 0x00, 0x11, 0x7A, 0x05, 0x00, 0x59, 0x48, 0x00,
0x00, 0x64, 0xFF, 0xFF, 0xFF, 0xFF, 0xFF, 0xFF, 0xFF, 0xFF, 0xFF, 0xFF, 0xFF, 0xFF, 0xFF, 0xFF,
0xFF, 0xFF, 0x0C, 0x00, 0x11, 0x79, 0x04, 0x00, 0x5D, 0x44, 0x00, 0x00, 0x62, 0x30, 0x84, 0x38,
0x39, 0x39, 0x38, 0x38, 0x39, 0x38, 0x38, 0x38, 0x3A, 0x38, 0x38, 0x38, 0x3A, 0x85, 0x02, 0x11,
0x79, 0x04, 0x00, 0x0E, 0x34, 0x00, 0x00, 0x62, 0x2F, 0x00, 0x19, 0xD8, 0xF0, 0xF0, 0xF0, 0xF0,
0xF0, 0xF0, 0xF0, 0xF0, 0xF0, 0xF0, 0xF0, 0xF0, 0xBF, 0x1E, 0x12, 0x79, 0x04, 0x00, 0x18, 0x75,
0x00, 0x00, 0x61, 0x31, 0x00, 0x00, 0x66, 0x2C, 0xA0, 0x7D, 0x5C, 0x5C, 0x5C, 0x5C, 0x5C, 0x5C,
0x5C, 0x5C, 0x7E, 0x9F, 0x07, 0x12, 0x79, 0x04, 0x00, 0x19, 0x75, 0x01, 0x00, 0x60, 0x31, 0x00,
0x00, 0x69, 0x23, 0x00, 0x44, 0xE3, 0xD8, 0xD8, 0xD8, 0xD8, 0xD8, 0xD8, 0xD8, 0xD8, 0xE4, 0x44,
0x12, 0x79, 0x04, 0x00, 0x19, 0x75, 0x01, 0x00, 0x5F, 0x31, 0x00, 0x00, 0x6C, 0x23, 0x00, 0x01,
0x91, 0xFF, 0xFF, 0xFF, 0xFF, 0xFF, 0xFF, 0xFF, 0xFF, 0xFF, 0xFF, 0x57, 0x78, 0x04, 0x00, 0x1A,
0x74, 0x01, 0x00, 0x18, 0x24, 0x00, 0x00, 0x6E, 0x23, 0x00, 0x01, 0x73, 0x5F, 0xFF, 0xFF, 0xFF,
0xFF, 0xFF, 0xFF, 0xFF, 0xFF, 0xFF, 0xFF, 0x9A, 0x03, 0x00, 0x1A, 0x74, 0x01, 0x00, 0x22, 0x6D,
0x00, 0x00, 0x6E, 0x23, 0x00, 0x01, 0x73, 0x1B, 0x44, 0xFF, 0xFF, 0xFF, 0xFF, 0xFF, 0xFF, 0xFF,
0xFF, 0xFF, 0xFF, 0x44, 0x00, 0x1A, 0x73, 0x01, 0x00, 0x22, 0x6B, 0x00, 0x00, 0x6E, 0x23, 0x00,
0x01, 0x73, 0x1A, 0x00, 0x44, 0xFF, 0xFF, 0xFF, 0xFF, 0xFF, 0xFF, 0xFF, 0xFF, 0xFF, 0xFF, 0x44,
0x1B, 0x73, 0x01, 0x00, 0x22, 0x6A, 0x00, 0x00, 0x6E, 0x22, 0x00, 0x01, 0x74, 0x1A, 0x00, 0x03,
0x9A, 0xFF, 0xFF, 0xFF, 0xFF, 0xFF, 0xFF, 0xFF, 0xFF, 0xFF, 0xFF, 0x5F, 0x73, 0x01, 0x00, 0x22,
0x6A, 0x00, 0x00, 0x25, 0x17, 0x00, 0x01, 0x74, 0x1A, 0x00, 0x04, 0x78, 0x57, 0xFF, 0xFF, 0xFF,
0xFF, 0xFF, 0xFF, 0xFF, 0xFF, 0xFF, 0xFF, 0x91, 0x01, 0x00, 0x22, 0x68, 0x00, 0x00, 0x30, 0x5F,
0x00, 0x01, 0x75, 0x19, 0x00, 0x04, 0x79, 0x12, 0x44, 0xB3, 0xA1, 0x9C, 0x9C, 0x9E, 0xA0, 0x9C,
0x9C, 0x9F, 0xBA, 0x45, 0x00, 0x22, 0x67, 0x00, 0x00, 0x2E, 0x60, 0x00, 0x01, 0x75, 0x19, 0x00,
0x04, 0x79, 0x12, 0x04, 0xB1, 0xA6, 0x8C, 0x8C, 0x8C, 0x8C, 0x8C, 0x8C, 0x8C, 0x8C, 0xA7, 0xB1,
0x26, 0x66, 0x00, 0x00, 0x2D, 0x61, 0x00, 0x00, 0x75, 0x18, 0x00, 0x04, 0x79, 0x12, 0x01, 0xA5,
0xFF, 0xFF, 0xFF, 0xFF, 0xFF, 0xFF, 0xFF, 0xFF, 0xFF, 0xFF, 0xFF, 0xFF, 0xCB, 0x01, 0x00, 0x2D,
0x62, 0x00, 0x00, 0x15, 0x0E, 0x00, 0x04, 0x79, 0x11, 0x00, 0x62, 0x47, 0x39, 0x36, 0x33, 0x30,
0x30, 0x30, 0x30, 0x30, 0x30, 0x30, 0x31, 0x31, 0x3A, 0x5E, 0x2E, 0x61, 0x00, 0x00, 0x19, 0x6E,
0x00, 0x04, 0x79, 0x11, 0x00, 0x09, 0xC8, 0xFF, 0xFF, 0xFF, 0xFF, 0xFF, 0xFF, 0xFF, 0xFF, 0xFF,
0xFF, 0xFF, 0xFF, 0xFF, 0xFF, 0xC4, 0x61, 0x00, 0x00, 0x1D, 0x6E, 0x00, 0x05, 0x7A, 0x11, 0x00,
0x09, 0x8B, 0x99, 0x78, 0x74, 0x76, 0x74, 0x74, 0x74, 0x74, 0x74, 0x75, 0x77, 0x77, 0x74, 0x75,
0x7B, 0x9F, 0x18, 0x00, 0x22, 0x6D, 0x00, 0x00, 0x7A, 0x10, 0x00, 0x09, 0x7C, 0xFF, 0xF8, 0xC6,
0xC1, 0xBC, 0xBC, 0xBC, 0xBC, 0xBC, 0xBC, 0xBC, 0xBC, 0xBC, 0xBC, 0xBC, 0xC3, 0xF9, 0xFF, 0x2B,
0x6C, 0x00, 0x00, 0x3E, 0x06, 0x00, 0x0A, 0x7A, 0x0D, 0xF4, 0xF8, 0xF6, 0xF4, 0xF4, 0xF8, 0xF5,
0xF4, 0xF4, 0xF9, 0xF4, 0xF4, 0xF4, 0xFA, 0xF4, 0xF4, 0xF4, 0xFB, 0x6A, 0x00, 0x00, 0x47, 0x45,
0x00, 0x0A, 0x79, 0x09, 0x00, 0x0E, 0x7A, 0x05, 0x00, 0x17, 0x76, 0x02, 0x00, 0x23, 0x6F, 0x00,
0x00, 0x2B, 0x64, 0x00, 0x00, 0x34, 0x68, 0x00, 0x00, 0x42, 0x48, 0x00, 0x0A, 0x7A, 0x09, 0x00,
0x0E, 0x78, 0x05, 0x00, 0x17, 0x76, 0x02, 0x00, 0x22, 0x72, 0x00, 0x00, 0x2B, 0x65, 0x00, 0x00,
0x39, 0x64, 0x00, 0x00, 0x40, 0x4B, 0x00, 0x00, 0x7B, 0x09, 0x00, 0x10, 0x79, 0x05, 0x00, 0x18,
0x75, 0x02, 0x00, 0x1E, 0x6D, 0x00, 0x00, 0x2A, 0x65, 0x00, 0x00, 0x33, 0x60, 0x00, 0x00, 0x3D,
0x50, 0x00, 0x00, 0x00, 0x00, 0x00, 0x00, 0x4F, 0x3D, 0x00, 0x00, 0x2B, 0x50, 0x00, 0x00, 0x66,
0x2B, 0x00, 0x00, 0x70, 0x20, 0x00, 0x01, 0x73, 0x18, 0x00, 0x05, 0x7A, 0x10, 0x00, 0x0A, 0x7B,
0x00, 0x00, 0x4B, 0x3E, 0x00, 0x00, 0x32, 0x53, 0x00, 0x00, 0x65, 0x2D, 0x00, 0x00, 0x6F, 0x22,
0x00, 0x01, 0x70, 0x17, 0x00, 0x04, 0x78, 0x10, 0x00, 0x0A, 0x7B, 0x0A, 0x00, 0x48, 0x42, 0x00,
0x00, 0x39, 0x51, 0x00, 0x00, 0x66, 0x2D, 0x00, 0x00, 0x78, 0x28, 0x00, 0x01, 0x6E, 0x15, 0x00,
0x04, 0x77, 0x10, 0x00, 0x0A, 0x7B, 0x0A, 0x00, 0x45, 0x48, 0x00, 0x00, 0x40, 0x4E, 0x00, 0x00,
0x66, 0x2F, 0x00, 0x00, 0x89, 0xFF, 0xEE, 0x29, 0x70, 0x15, 0x00, 0x04, 0x77, 0x10, 0x00, 0x0A,
0x7B, 0x0A, 0x00, 0x06, 0x3F, 0x00, 0x00, 0x49, 0x4C, 0x00, 0x00, 0x66, 0x30, 0x00, 0x00, 0x6D,
0x76, 0xFF, 0xFF, 0xBC, 0x16, 0x00, 0x04, 0x77, 0x10, 0x00, 0x0A, 0x7C, 0x0A, 0x00, 0x10, 0x7A,
0x00, 0x00, 0x53, 0x4A, 0x00, 0x00, 0x67, 0x32, 0x00, 0x00, 0x6C, 0x22, 0x06, 0x9F, 0xD7, 0x17,
0x00, 0x04, 0x78, 0x10, 0x00, 0x0A, 0x79, 0x09, 0x00, 0x10, 0x7A, 0x05, 0x00, 0x59, 0x48, 0x00,
0x00, 0x67, 0x33, 0x00, 0x00, 0x6B, 0x22, 0x00, 0x3F, 0xE1, 0xEA, 0x4D, 0x05, 0x79, 0x10, 0x00,
0x0B, 0x79, 0x08, 0x00, 0x10, 0x7A, 0x05, 0x00, 0x5D, 0x44, 0x00, 0x00, 0x66, 0x34, 0x00, 0x00,
0x6B, 0x23, 0x03, 0x82, 0xFD, 0xFF, 0xFF, 0xFF, 0xC9, 0x15, 0x00, 0x0B, 0x7C, 0x08, 0x00, 0x10,
0x7A, 0x05, 0x00, 0x0E, 0x34, 0x00, 0x00, 0x65, 0x33, 0x00, 0x00, 0x6C, 0x23, 0x10, 0xBA, 0xFF,
0xFF, 0xFF, 0xFF, 0xFF, 0xFF, 0xC0, 0x22, 0x7D, 0x09, 0x00, 0x10, 0x79, 0x05, 0x00, 0x18, 0x75,
0x00, 0x00, 0x64, 0x33, 0x00, 0x00, 0x6C, 0x24, 0x0C, 0xD0, 0xFF, 0xFF, 0xFF, 0xDD, 0xD8, 0xFF,
0xFF, 0xFF, 0xFA, 0x23, 0x00, 0x10, 0x77, 0x04, 0x00, 0x18, 0x74, 0x01, 0x00, 0x63, 0x32, 0x00,
0x00, 0x6E, 0x25, 0x00, 0x99, 0xFF, 0xFF, 0xFF, 0xFF, 0x9C, 0x8C, 0xFF, 0xFF, 0xFF, 0xFF, 0xAF,
0x11, 0x77, 0x04, 0x00, 0x18, 0x73, 0x01, 0x00, 0x62, 0x32, 0x00, 0x00, 0x6E, 0x26, 0x00, 0x17,
0xFC, 0xFF, 0xFF, 0xFF, 0x5A, 0x1D, 0x1A, 0x5A, 0xFF, 0xFF, 0xFF, 0xFE, 0x81, 0x04, 0x00, 0x18,
0x72, 0x01, 0x00, 0x18, 0x25, 0x00, 0x00, 0x6F, 0x26, 0x00, 0x02, 0xA0, 0xFF, 0xFF, 0xFF, 0xFF,
0xFF, 0x9C, 0x8C, 0xFF, 0xFF, 0xFF, 0xFF, 0xFF, 0x5F, 0x00, 0x18, 0x72, 0x01, 0x00, 0x23, 0x6E,
0x00, 0x00, 0x6E, 0x25, 0x00, 0x01, 0x74, 0x70, 0xFF, 0xFF, 0xFF, 0xFF, 0xFF, 0xE5, 0xE1, 0xFF,
0xFF, 0xFF, 0xFF, 0xFF, 0x6E, 0x18, 0x72, 0x01, 0x00, 0x25, 0x6D, 0x00, 0x00, 0x6E, 0x24, 0x00,
0x01, 0x72, 0x18, 0x16, 0xF7, 0xFF, 0xFF, 0xFF, 0xFF, 0xFF, 0xFF, 0xFF, 0xFF, 0xFF, 0xFF, 0xFF,
0x4A, 0x73, 0x01, 0x00, 0x26, 0x6E, 0x00, 0x00, 0x6E, 0x23, 0x00, 0x01, 0x72, 0x18, 0x00, 0x05,
0xB2, 0xFF, 0xFF, 0xE7, 0xA6, 0x7D, 0x7A, 0x9C, 0xDC, 0xFF, 0xFF, 0xBA, 0x74, 0x01, 0x00, 0x27,
0x6E, 0x00, 0x00, 0x24, 0x17, 0x00, 0x01, 0x71, 0x18, 0x00, 0x04, 0x7A, 0x11, 0x70, 0xB1, 0x3F,
0x80, 0xA0, 0xA4, 0x82, 0x41, 0xA3, 0xAB, 0x7A, 0x01, 0x00, 0x25, 0x6E, 0x00, 0x00, 0x30, 0x5E,
0x00, 0x01, 0x72, 0x18, 0x00, 0x04, 0x78, 0x11, 0x00, 0x4D, 0xFF, 0xFF, 0xFF, 0xFF, 0xFF, 0xFF,
0xFF, 0xFF, 0xA9, 0x02, 0x00, 0x22, 0x6E, 0x00, 0x00, 0x30, 0x5E, 0x00, 0x01, 0x74, 0x18, 0x00,
0x04, 0x76, 0x11, 0x00, 0x0A, 0xC1, 0xF7, 0xA1, 0x5B, 0x39, 0x39, 0x58, 0x9B, 0xF5, 0xAC, 0x00,
0x22, 0x6C, 0x00, 0x00, 0x2F, 0x60, 0x00, 0x00, 0x75, 0x18, 0x00, 0x03, 0x74, 0x10, 0x00, 0x0A,
0x7E, 0xA3, 0x26, 0x77, 0xBF, 0xDE, 0xD6, 0xAD, 0x6A, 0x24, 0xBA, 0x22, 0x6C, 0x00, 0x00, 0x2F,
0x60, 0x00, 0x00, 0x17, 0x0E, 0x00, 0x04, 0x74, 0x10, 0x00, 0x0A, 0x7C, 0x0A, 0x26, 0x96, 0xFE,
0xFF, 0xFF, 0xFF, 0xFF, 0xFE, 0xA6, 0x5D, 0x6D, 0x00, 0x00, 0x2D, 0x60, 0x00, 0x00, 0x18, 0x6D,
0x00, 0x04, 0x76, 0x10, 0x00, 0x0A, 0x7D, 0x0A, 0x00, 0x0E, 0x7C, 0x10, 0x4C, 0xED, 0xF7, 0x57,
0x14, 0x22, 0x6E, 0x00, 0x00, 0x2E, 0x62, 0x00, 0x00, 0x1E, 0x6A, 0x00, 0x04, 0x78, 0x10, 0x00,
0x0A, 0x80, 0x27, 0x3F, 0x3F, 0x95, 0x3B, 0x6B, 0xD5, 0xFF, 0xFF, 0xE5, 0x7B, 0x98, 0x1D, 0x1A,
0x3E, 0x8A, 0x08, 0x00, 0x24, 0x69, 0x00, 0x00, 0x79, 0x10, 0x00, 0x0D, 0xC1, 0xE0, 0xFF, 0xFF,
0xFF, 0xFF, 0xFF, 0xFF, 0xFF, 0xEA, 0xDE, 0xFF, 0xFF, 0xFF, 0xFF, 0xFF, 0xFF, 0xFF, 0xF7, 0xA5,
0x7F, 0x00, 0x00, 0x3E, 0x06, 0x00, 0x15, 0xD3, 0xFF, 0xFF, 0xFF, 0xF4, 0xE5, 0xDF, 0xED, 0xC2,
0x69, 0x0C, 0x29, 0x9B, 0xA3, 0xCF, 0xF1, 0xE0, 0xEE, 0xFF, 0xFF, 0xFF, 0xEF, 0x21, 0x47, 0x45,
0x00, 0x09, 0x77, 0x82, 0xFF, 0xB0, 0x9A, 0x04, 0x00, 0x19, 0x78, 0x01, 0x00, 0x1F, 0x68, 0x00,
0x00, 0x2B, 0x61, 0x00, 0x00, 0x56, 0xB0, 0xF5, 0x9A, 0x43, 0x48, 0x00, 0x0A, 0x7B, 0x0A, 0x00,
0x3B, 0x79, 0x05, 0x00, 0x18, 0x75, 0x01, 0x00, 0x1E, 0x66, 0x00, 0x00, 0x2B, 0x65, 0x00, 0x00,
0x38, 0x69, 0x00, 0x1D, 0x42, 0x4B, 0x00, 0x00, 0x7C, 0x0A, 0x00, 0x10, 0x7A, 0x05, 0x00, 0x18,
0x75, 0x01, 0x00, 0x1D, 0x68, 0x00, 0x00, 0x2A, 0x65, 0x00, 0x00, 0x33, 0x63, 0x00, 0x00, 0x3D,
0x50, 0x00, 0x00, 0x00, 0x00, 0x00, 0x00, 0x4F, 0x3D, 0x00, 0x00, 0x2B, 0x56, 0x00, 0x00, 0x66,
0x2B, 0x04, 0x05, 0x6E, 0x21, 0x00, 0x02, 0x76, 0x18, 0x00, 0x04, 0x79, 0x10, 0x00, 0x0A, 0x7B,
0x00, 0x00, 0x4B, 0x3E, 0x00, 0x00, 0x32, 0x57, 0x00, 0x00, 0x66, 0x2C, 0x1F, 0xE7, 0xF6, 0x3F,
0x00, 0x02, 0x79, 0x18, 0x00, 0x05, 0x78, 0x10, 0x00, 0x0A, 0x7B, 0x0A, 0x00, 0x48, 0x42, 0x00,
0x00, 0x3A, 0x8D, 0xE3, 0xAF, 0x68, 0x2D, 0x00, 0x49, 0xFF, 0xFF, 0x4A, 0x02, 0x7C, 0x1C, 0xAF,
0xE3, 0x95, 0x10, 0x00, 0x0A, 0x7B, 0x0A, 0x00, 0x45, 0x48, 0x00, 0x00, 0x44, 0x52, 0x8B, 0xFF,
0xFF, 0x35, 0x00, 0x00, 0x6D, 0xA7, 0x9E, 0x06, 0x7A, 0x18, 0x19, 0xFF, 0xFF, 0x88, 0x00, 0x0A,
0x7C, 0x0A, 0x00, 0x06, 0x3F, 0x79, 0xB0, 0x65, 0x50, 0x00, 0x1E, 0xE9, 0x93, 0x00, 0x00, 0x6B,
0x22, 0x65, 0x65, 0x78, 0x18, 0x00, 0x05, 0xD0, 0xCA, 0x1E, 0x0A, 0x7B, 0x24, 0xA9, 0x82, 0x76,
0x18, 0xFF, 0xFF, 0x93, 0x00, 0x00, 0x60, 0x8B, 0x81, 0x00, 0x6A, 0x22, 0x00, 0x8E, 0xCC, 0x18,
0x00, 0x06, 0x7D, 0x93, 0x59, 0x0A, 0x7B, 0x0A, 0x89, 0xFF, 0xFF, 0x19, 0x02, 0xD0, 0xF5, 0x34,
0x00, 0x5F, 0x2D, 0x6C, 0xDB, 0x6D, 0x22, 0x00, 0x01, 0xC5, 0xBC, 0x00, 0x06, 0x80, 0x10, 0xDA,
0x71, 0x7B, 0x0A, 0x00, 0x47, 0xF9, 0xA9, 0x01, 0x5B, 0x46, 0x86, 0x37, 0x62, 0x2D, 0x00, 0x79,
0xFF, 0x4A, 0x00, 0x02, 0x77, 0xF7, 0xE9, 0x06, 0x7D, 0x10, 0x31, 0xFF, 0xBA, 0x0A, 0x00, 0x11,
0xAD, 0x83, 0x00, 0x0E, 0x34, 0x00, 0x62, 0xD5, 0x2E, 0x00, 0x00, 0xA8, 0xFF, 0x8C, 0x02, 0x79,
0x2E, 0xFF, 0xFF, 0x88, 0x10, 0x00, 0x8A, 0xFF, 0x88, 0x00, 0x12, 0x7B, 0xB1, 0x64, 0x18, 0x75,
0x00, 0x00, 0x80, 0xFD, 0x25, 0x00, 0x70, 0xB3, 0xFF, 0xE2, 0x7A, 0x19, 0x41, 0xFF, 0xFF, 0x46,
0x00, 0x09, 0xE1, 0xFF, 0x95, 0x12, 0x7D, 0x2E, 0xFD, 0x5F, 0x75, 0x01, 0x00, 0x62, 0x55, 0xFF,
0x9E, 0x6F, 0x26, 0x9F, 0xFF, 0xFF, 0x48, 0x00, 0x6F, 0xFF, 0xFF, 0x6F, 0x09, 0xA9, 0xFF, 0xFF,
0xB3, 0x7C, 0x05, 0xA2, 0xFF, 0x8E, 0x01, 0x00, 0x60, 0x33, 0x05, 0xFD, 0xFF, 0x44, 0x00, 0xAF,
0xFF, 0xFF, 0x93, 0x05, 0xBF, 0xFF, 0xFF, 0xA5, 0x7A, 0x9F, 0xFF, 0xFF, 0xCE, 0x05, 0x22, 0xFC,
0xFE, 0x09, 0x00, 0x18, 0x25, 0x00, 0x00, 0xEA, 0xFF, 0x96, 0x01, 0xCD, 0xFF, 0xFF, 0xEA, 0x7F,
0xDA, 0xFF, 0xFF, 0xE5, 0x0E, 0xEA, 0xFF, 0xFF, 0xC0, 0x00, 0x9A, 0xFF, 0xE6, 0x00, 0x22, 0x6D,
0x00, 0x00, 0x6D, 0xDB, 0xFF, 0xF8, 0x82, 0xE0, 0xFF, 0xFF, 0xFF, 0x4F, 0xF5, 0xFF, 0xFF, 0xF5,
0x49, 0xFF, 0xFF, 0xFF, 0xCE, 0x1F, 0xF9, 0xFF, 0xC4, 0x22, 0x6E, 0x00, 0x00, 0x6D, 0x23, 0xA6,
0xFF, 0xFF, 0x94, 0xDB, 0xFF, 0xFF, 0xFF, 0xC8, 0xFF, 0xFF, 0xFF, 0xFF, 0xC9, 0xFF, 0xFF, 0xFF,
0xE9, 0xD7, 0xFF, 0xFF, 0xC6, 0x6F, 0x00, 0x00, 0x6E, 0x22, 0x00, 0x86, 0xFF, 0xFF, 0xF7, 0xF5,
0xFF, 0xFF, 0xFF, 0xFF, 0xFF, 0xFF, 0xFF, 0xFF, 0xFF, 0xFF, 0xFF, 0xFF, 0xF8, 0xF9, 0xFF, 0xFF,
0xA4, 0x00, 0x00, 0x25, 0x17, 0x00, 0x01, 0x9A, 0xFF, 0xFF, 0xFF, 0xFF, 0xFF, 0xFF, 0xFF, 0xFF,
0xFF, 0xFF, 0xFF, 0xFF, 0xFF, 0xFF, 0xFF, 0xFF, 0xFF, 0xFF, 0xFF, 0xFF, 0x58, 0x00, 0x30, 0x5F,
0x00, 0x01, 0x73, 0x19, 0xA6, 0xFF, 0xFF, 0xFF, 0xFD, 0xCD, 0x9D, 0x73, 0x5F, 0x51, 0x51, 0x5A,
0x71, 0x97, 0xCF, 0xFD, 0xFF, 0xFF, 0xFF, 0xA8, 0x00, 0x2E, 0x5E, 0x00, 0x01, 0x72, 0x18, 0x00,
0x0F, 0xF1, 0xC9, 0x5F, 0x28, 0x5A, 0x8C, 0xB1, 0xCB, 0xE0, 0xDB, 0xD2, 0xB9, 0x91, 0x5A, 0x2E,
0x62, 0xC7, 0xD5, 0x0B, 0x2D, 0x5F, 0x00, 0x00, 0x75, 0x18, 0x00, 0x04, 0x7A, 0x41, 0x8B, 0xC0,
0xFD, 0xFF, 0xFF, 0xFB, 0xDE, 0xD4, 0xD4, 0xDE, 0xFC, 0xFF, 0xFF, 0xFE, 0xC4, 0x90, 0x35, 0x2D,
0x5E, 0x00, 0x00, 0x16, 0x0E, 0x00, 0x04, 0x7B, 0x11, 0x00, 0xBC, 0xFF, 0xD8, 0x82, 0x40, 0x2F,
0x49, 0x59, 0x5E, 0x53, 0x2E, 0x38, 0x7F, 0xDD, 0xFF, 0xC2, 0x2D, 0x60, 0x00, 0x00, 0x1A, 0x6F,
0x00, 0x04, 0x7B, 0x13, 0x00, 0x0A, 0xA8, 0x6F, 0x3D, 0x9D, 0xEB, 0xFF, 0xFF, 0xFF, 0xFF, 0xFF,
0xFF, 0xEC, 0xA2, 0x3F, 0x70, 0x87, 0x60, 0x00, 0x00, 0x1E, 0x6F, 0x00, 0x04, 0x7B, 0x12, 0x00,
0x0A, 0x7B, 0x95, 0xF6, 0xFF, 0xDF, 0xA9, 0x8B, 0x73, 0x5D, 0x5A, 0x68, 0x80, 0xAB, 0xDD, 0xFF,
0xF8, 0xAA, 0x00, 0x00, 0x23, 0x6E, 0x00, 0x00, 0x7A, 0x11, 0x00, 0x0A, 0x7B, 0x12, 0xC1, 0x70,
0x2A, 0x42, 0x7D, 0xA5, 0xC0, 0xC6, 0xC6, 0xC0, 0xAA, 0x7D, 0x43, 0x2A, 0x74, 0xC0, 0x07, 0x26,
0x6C, 0x00, 0x00, 0x3E, 0x06, 0x00, 0x0A, 0x7B, 0x0A, 0x13, 0x43, 0xAF, 0xF6, 0xFF, 0xFF, 0xFF,
0xFF, 0xFF, 0xFF, 0xFF, 0xFF, 0xFF, 0xFF, 0xF9, 0xAB, 0x31, 0x3F, 0x6A, 0x00, 0x00, 0x47, 0x45,
0x00, 0x0A, 0x7B, 0x0A, 0x00, 0x0E, 0x78, 0x1D, 0x52, 0x93, 0xB6, 0x90, 0x91, 0xB3, 0xB0, 0x91,
0x8E, 0xB6, 0x98, 0x53, 0x17, 0x33, 0x66, 0x00, 0x00, 0x42, 0x48, 0x00, 0x0A, 0x7B, 0x0A, 0x00,
0x0E, 0x75, 0x05, 0x00, 0x18, 0x78, 0x02, 0x00, 0x1D, 0x69, 0x00, 0x00, 0x2F, 0x67, 0x00, 0x00,
0x39, 0x64, 0x00, 0x00, 0x40, 0x4B, 0x00, 0x00, 0x7C, 0x0A, 0x00, 0x10, 0x78, 0x05, 0x00, 0x18,
0x78, 0x02, 0x00, 0x1D, 0x6A, 0x00, 0x00, 0x2B, 0x67, 0x00, 0x00, 0x33, 0x60, 0x00, 0x00, 0x3D,
0x50, 0x00, 0x00, 0x00, 0x00, 0x09, 0x4A, 0x00, 0x00, 0x00, 0x00, 0x00, 0x00, 0x00, 0x00, 0x00,
0x00, 0x00, 0x00, 0x00, 0x00, 0x00, 0x00, 0x00, 0x06, 0x15, 0x00, 0x00, 0x00, 0x9E, 0xF9, 0xC0,
0x6B, 0x41, 0x34, 0x2F, 0x2C, 0x19, 0x00, 0x00, 0x00, 0x01, 0x11, 0x0C, 0x01, 0x00, 0x14, 0x5E,
0xD8, 0xD5, 0x12, 0x00, 0x52, 0xF7, 0x26, 0x54, 0x98, 0xBF, 0xCB, 0xD0, 0xD5, 0xEF, 0xE8, 0x8F,
0x99, 0xEF, 0xF5, 0xF7, 0xFC, 0xF7, 0xF2, 0xB7, 0x4D, 0x96, 0xC8, 0x0C, 0x0B, 0x93, 0xEE, 0x89,
0x1C, 0x00, 0x00, 0x0E, 0x1B, 0x02, 0x27, 0x92, 0x8E, 0x1C, 0x04, 0x18, 0x09, 0x08, 0x00, 0x30,
0x90, 0xEA, 0x8C, 0x0E, 0x00, 0x00, 0x24, 0x96, 0xEE, 0xD0, 0xCE, 0xF4, 0xE2, 0xED, 0x8A, 0x0C,
0x19, 0x9E, 0xF1, 0xE4, 0xF8, 0xDD, 0xEB, 0xE0, 0x86, 0x1C, 0x00, 0x00, 0x00, 0x00, 0x00, 0x00,
0x05, 0x38, 0x3B, 0x07, 0x00, 0x3F, 0xD8, 0xE3, 0xEA, 0xC5, 0x2D, 0x00, 0x04, 0x24, 0x1B, 0x00,
0x00, 0x00, 0x00, 0x00, 0x00, 0x00, 0x00, 0x00, 0x00, 0x00, 0x0C, 0x81, 0xE1, 0xE5, 0xC0, 0xAF,
0xB2, 0xC9, 0xE9, 0xE4, 0x87, 0x0E, 0x00, 0x00, 0x00, 0x00, 0x00, 0x00, 0x00, 0x00, 0x00, 0x00,
0x00, 0x00, 0xBD, 0xF7, 0x5D, 0x00, 0x00, 0x00, 0x00, 0x00, 0x00, 0x4F, 0xEC, 0xCB, 0x00, 0x00,
0x00, 0x00, 0x00, 0x00, 0x00, 0x00, 0x00, 0x00, 0x00, 0x00, 0x94, 0xD8, 0xD7, 0xDA, 0x9C, 0x76,
0x71, 0x91, 0xC4, 0xEF, 0xE8, 0xA1, 0x00, 0x00, 0x00, 0x00, 0x00, 0x00, 0x00, 0x00, 0x00, 0x00,
0x00, 0x00, 0x2A, 0xE8, 0x06, 0x2F, 0x63, 0x89, 0x8F, 0x77, 0x47, 0x0D, 0xE7, 0x32, 0x00, 0x00,
0x00, 0x00, 0x00, 0x00, 0x00, 0x00, 0x00, 0x00, 0x00, 0x00, 0x05, 0xDB, 0x8E, 0x29, 0x04, 0x00,
0x00, 0x08, 0x30, 0x8C, 0xDC, 0x04, 0x00, 0x00, 0x00, 0x00, 0x00, 0x00, 0x00, 0x00, 0x00, 0x00,
0x00, 0x08, 0xC3, 0xBA, 0x9E, 0xE1, 0xFB, 0xF0, 0xF0, 0xF5, 0xC8, 0x96, 0xC6, 0xBD, 0x05, 0x00,
0x00, 0x00, 0x00, 0x00, 0x00, 0x00, 0x00, 0x00, 0x00, 0x65, 0xBC, 0x01, 0x00, 0x00, 0x07, 0x14,
0x10, 0x02, 0x00, 0x00, 0x02, 0xC0, 0x61, 0x00, 0x00, 0x00, 0x00, 0x00, 0x00, 0x00, 0x00, 0x00,
0x00, 0xA0, 0x63, 0x00, 0x00, 0x00, 0x00, 0x21, 0x21, 0x00, 0x00, 0x00, 0x00, 0x65, 0xA3, 0x00,
0x00, 0x00, 0x00, 0x00, 0x00, 0x00, 0x00, 0x00, 0x00, 0xA2, 0x65, 0x00, 0x00, 0x00, 0x00, 0x81,
0x7E, 0x00, 0x00, 0x00, 0x00, 0x62, 0xA4, 0x00, 0x00, 0x00, 0x00, 0x00, 0x00, 0x00, 0x00, 0x00,
0x00, 0x6C, 0xA9, 0x00, 0x00, 0x0D, 0xCE, 0xED, 0xEC, 0xCF, 0x09, 0x00, 0x00, 0xA8, 0x6B, 0x00,
0x00, 0x00, 0x00, 0x00, 0x00, 0x00, 0x00, 0x00, 0x00, 0x10, 0xEA, 0x2D, 0x00, 0x00, 0x26, 0x98,
0x95, 0x24, 0x00, 0x00, 0x34, 0xEB, 0x11, 0x00, 0x00, 0x00, 0x00, 0x00, 0x00, 0x00, 0x00, 0x00,
0x00, 0x00, 0x5F, 0xD9, 0x15, 0x00, 0x00, 0x50, 0x4F, 0x00, 0x00, 0x18, 0xD9, 0x5E, 0x00, 0x00,
0x00, 0x00, 0x00, 0x00, 0x00, 0x00, 0x00, 0x00, 0x00, 0x00, 0x00, 0x7D, 0xDB, 0x2F, 0x00, 0x00,
0x00, 0x00, 0x33, 0xD9, 0x70, 0x00, 0x00, 0x00, 0x00, 0x00, 0x00, 0x00, 0x00, 0x00, 0x00, 0x00,
0x00, 0x00, 0x00, 0x00, 0x56, 0xE7, 0x92, 0x1F, 0x21, 0x95, 0xE5, 0x56, 0x00, 0x00, 0x00, 0x00,
0x00, 0x00, 0x00, 0x00, 0x00, 0x00, 0x00, 0x00, 0x00, 0x00, 0x00, 0x00, 0x00, 0x15, 0xBE, 0xFC,
0xFC, 0xBE, 0x11, 0x00, 0x00, 0x00, 0x00, 0x00, 0x00, 0x00, 0x00, 0x00, 0x00, 0x00, 0x00, 0x00,
0x00, 0x00, 0x00, 0x00, 0x00, 0x07, 0xEC, 0x52, 0x5A, 0xED, 0x06, 0x00, 0x00, 0x00, 0x00, 0x00,
0x00, 0x00, 0x00, 0x00, 0x00, 0x00, 0x00, 0x00, 0x00, 0x00, 0x00, 0x00, 0x00, 0x13, 0xF6, 0x0E,
0x11, 0xF7, 0x10, 0x00, 0x00, 0x00, 0x00, 0x00, 0x00, 0x00, 0x00, 0x00, 0x00, 0x00, 0x00, 0x00,
0x00, 0x00, 0x00, 0x00, 0x00, 0x00, 0x8F, 0xE5, 0xE5, 0x8F, 0x00, 0x00, 0x00, 0x00, 0x00, 0x00,
0x00, 0x00, 0x00, 0x00, 0x00, 0x00, 0x00, 0x00, 0x00, 0x00, 0x00, 0x00, 0x00, 0x00, 0x00, 0x26,
0x28, 0x00, 0x00, 0x00, 0x00, 0x00, 0x00, 0x00, 0x00, 0x00, 0x00, 0x00, 0x00, 0x00, 0x00, 0x00,
0x00, 0x00, 0x00, 0x00, 0x00, 0x00, 0x0E, 0x73, 0x6A, 0x0E, 0x00, 0x00, 0x00, 0x00, 0x00, 0x00,
0x00, 0x00, 0x00, 0x00, 0x00, 0x00, 0x00, 0x00, 0x00, 0x00, 0x00, 0x00, 0x00, 0x00, 0xC6, 0xAA,
0xAD, 0xC3, 0x00, 0x00, 0x00, 0x00, 0x00, 0x00, 0x00, 0x00, 0x00, 0x00, 0x00, 0x00, 0x00, 0x00,
0x00, 0x00, 0x00, 0x00, 0x00, 0x13, 0xF4, 0x01, 0x03, 0xF5, 0x11, 0x00, 0x00, 0x00, 0x00, 0x00,
0x00, 0x00, 0x00, 0x00, 0x00, 0x00, 0x00, 0x00, 0x00, 0x00, 0x00, 0x00, 0x00, 0x00, 0xD0, 0x9E,
0xA5, 0xCA, 0x00, 0x00, 0x00, 0x00, 0x00, 0x00, 0x00, 0x00, 0x00, 0x00, 0x00, 0x00, 0x00, 0x00,
0x00, 0x00, 0x00, 0x00, 0x00, 0x4A, 0xD9, 0xCD, 0xD0, 0xDA, 0x4B, 0x00, 0x00, 0x00, 0x00, 0x00,
0x00, 0x00, 0x00, 0x00, 0x00, 0x00, 0x00, 0x00, 0x00, 0x00, 0x00, 0x09, 0x9B, 0xD7, 0x4B, 0x00,
0x00, 0x4A, 0xDA, 0xA4, 0x09, 0x00, 0x00, 0x00, 0x00, 0x00, 0x00, 0x00, 0x00, 0x00, 0x00, 0x00,
0x00, 0x00, 0x06, 0xB8, 0xA6, 0x0A, 0x00, 0x00, 0x00, 0x00, 0x08, 0xA7, 0xC3, 0x08, 0x00, 0x00,
0x00, 0x00, 0x00, 0x00, 0x00, 0x00, 0x00, 0x00, 0x00, 0x00, 0x99, 0xAD, 0x02, 0x00, 0x00, 0x71,
0x6F, 0x00, 0x00, 0x01, 0xAD, 0x98, 0x00, 0x00, 0x00, 0x00, 0x00, 0x00, 0x00, 0x00, 0x00, 0x00,
0x00, 0x2C, 0xE9, 0x12, 0x00, 0x04, 0x70, 0xBE, 0xBC, 0x6F, 0x03, 0x00, 0x0F, 0xED, 0x26, 0x00,
0x00, 0x00, 0x00, 0x00, 0x00, 0x00, 0x00, 0x00, 0x00, 0x89, 0x8A, 0x00, 0x00, 0x07, 0x82, 0xC6,
0xC4, 0x7F, 0x05, 0x00, 0x00, 0x8F, 0x7E, 0x00, 0x00, 0x00, 0x00, 0x00, 0x00, 0x00, 0x00, 0x00,
0x00, 0xB0, 0x57, 0x00, 0x00, 0x00, 0x00, 0x7A, 0x78, 0x00, 0x00, 0x00, 0x00, 0x60, 0xA9, 0x00,
0x00, 0x00, 0x00, 0x00, 0x00, 0x00, 0x00, 0x00, 0x00, 0x9C, 0x6F, 0x00, 0x00, 0x00, 0x00, 0x04,
0x03, 0x00, 0x00, 0x00, 0x00, 0x6F, 0x96, 0x00, 0x00, 0x00, 0x00, 0x00, 0x00, 0x00, 0x00, 0x00,
0x00, 0x3D, 0xDE, 0x17, 0x00, 0x27, 0x4A, 0x57, 0x58, 0x41, 0x1D, 0x00, 0x15, 0xDA, 0x40, 0x00,
0x00, 0x00, 0x00, 0x00, 0x00, 0x00, 0x00, 0x00, 0x00, 0x00, 0x75, 0xED, 0xE5, 0xE2, 0xBB, 0xA6,
0xAA, 0xCA, 0xEC, 0xE2, 0xEA, 0x72, 0x00, 0x00, 0x00, 0x00, 0x00, 0x00, 0x00, 0x00, 0x00, 0x00,
0x00, 0x00, 0x02, 0xDE, 0x51, 0x00, 0x00, 0x00, 0x00, 0x00, 0x00, 0x4A, 0xDF, 0x02, 0x00, 0x00,
0x00, 0x00, 0x00, 0x00, 0x00, 0x00, 0x00, 0x00, 0x00, 0x00, 0x49, 0xD4, 0x22, 0x77, 0xB2, 0xD2,
0xD5, 0xC0, 0x92, 0x46, 0xD1, 0x4F, 0x00, 0x00, 0x00, 0x00, 0x00, 0x00, 0x00, 0x00, 0x00, 0x00,
0x00, 0x00, 0xB4, 0xF2, 0xE6, 0x8E, 0x4E, 0x2C, 0x27, 0x43, 0x79, 0xC7, 0xFE, 0xBE, 0x00, 0x00,
0x00, 0x00, 0x00, 0x00, 0x00, 0x00, 0x00, 0x00, 0x00, 0x00, 0x8F, 0xF8, 0x7D, 0x33, 0x0A, 0x00,
0x00, 0x08, 0x31, 0x71, 0xE9, 0x94, 0x00, 0x00, 0x00, 0x00, 0x00, 0x00, 0x00, 0x00, 0x00, 0x00,
0x00, 0x00, 0x00, 0x3A, 0x97, 0xD2, 0xF5, 0xF5, 0xF5, 0xF6, 0xCB, 0x94, 0x30, 0x00, 0x00, 0x00,
0x00, 0x00, 0x00, 0x00, 0x00, 0x00, 0x00, 0x03, 0x43, 0x81, 0x86, 0x48, 0x31, 0x6B, 0xDE, 0xAA,
0xB6, 0xCC, 0x56, 0x34, 0x4C, 0x6E, 0x60, 0x27, 0x00, 0x00, 0x00, 0x00, 0x00, 0x06, 0x6D, 0xE2,
0xCF, 0x86, 0x82, 0xC0, 0xD3, 0xAA, 0x41, 0x04, 0x06, 0x5C, 0xB3, 0xD5, 0xBD, 0x91, 0x9A, 0xDD,
0xCD, 0x52, 0x01, 0x00, 0x31, 0xD9, 0xB4, 0x34, 0x00, 0x0B, 0x15, 0x18, 0x1E, 0x33, 0x6E, 0xD7,
0xD9, 0x6A, 0x3B, 0x3A, 0x43, 0x4B, 0x3B, 0x0C, 0x46, 0xC6, 0xCF, 0x19, 0x2D, 0xF0, 0x56, 0xA0,
0xE3, 0xF8, 0xEE, 0xEA, 0xE4, 0xD2, 0xA0, 0x45, 0x4E, 0xA6, 0xC7, 0xC6, 0xBA, 0xB4, 0xCB, 0xF2,
0x97, 0xC8, 0x93, 0x00, 0x00, 0x62, 0xEB, 0x76, 0x23, 0x01, 0x00, 0x00, 0x00, 0x00, 0x00, 0x00,
0x00, 0x00, 0x00, 0x00, 0x00, 0x00, 0x00, 0x14, 0x9A, 0xA4, 0x01, 0x00, 0x00, 0x00, 0x0E, 0x00,
0x00, 0x00, 0x00, 0x00, 0x00, 0x00, 0x00, 0x00, 0x00, 0x00, 0x00, 0x00, 0x00, 0x00, 0x00, 0x00,
0x00, 0x00, 0x00, 0x00, 0x4C, 0x8B, 0x8D, 0x8E, 0x8E, 0x8E, 0x8F, 0x8F, 0x8F, 0x8F, 0x90, 0x90,
0x90, 0x90, 0x90, 0x90, 0x90, 0x90, 0x90, 0x4A, 0xA6, 0x7A, 0x58, 0x58, 0x58, 0x58, 0x58, 0x58,
0x58, 0x58, 0x58, 0x58, 0x58, 0x58, 0x58, 0x58, 0x58, 0x58, 0x84, 0x9B, 0xA6, 0x86, 0x68, 0x68,
0x68, 0x68, 0x68, 0x68, 0x68, 0x68, 0x68, 0x68, 0x68, 0x68, 0x68, 0x68, 0x68, 0x68, 0x90, 0x99,
0x44, 0xAA, 0xC6, 0x80, 0x80, 0x80, 0x80, 0x80, 0x80, 0x80, 0x80, 0x80, 0x80, 0x80, 0x80, 0x80,
0x80, 0xCE, 0xA3, 0x40, 0x00, 0x50, 0x8C, 0x00, 0x00, 0x00, 0x00, 0x00, 0x00, 0x00, 0x00, 0x00,
0x00, 0x00, 0x00, 0x00, 0x00, 0x9C, 0x44, 0x00, 0x00, 0x2D, 0xD7, 0x1E, 0x00, 0x00, 0x00, 0x00,
0x00, 0x00, 0x00, 0x00, 0x00, 0x00, 0x00, 0x00, 0x27, 0xDC, 0x24, 0x00, 0x00, 0x00, 0x46, 0xD4,
0x1B, 0x00, 0x00, 0x00, 0x00, 0x00, 0x00, 0x00, 0x00, 0x00, 0x00, 0x24, 0xDB, 0x40, 0x00, 0x00,
0x00, 0x00, 0x00, 0x49, 0xD3, 0x0D, 0x00, 0x00, 0x00, 0x00, 0x00, 0x00, 0x00, 0x00, 0x15, 0xD7,
0x40, 0x00, 0x00, 0x00, 0x00, 0x00, 0x00, 0x00, 0xB8, 0x28, 0x00, 0x00, 0x00, 0x00, 0x00, 0x00,
0x00, 0x00, 0x38, 0xA8, 0x00, 0x00, 0x00, 0x00, 0x00, 0x00, 0x00, 0x00, 0xB8, 0x28, 0x00, 0x00,
0x00, 0x00, 0x00, 0x00, 0x00, 0x00, 0x38, 0xA8, 0x00, 0x00, 0x00, 0x00, 0x00, 0x00, 0x00, 0x00,
0xB8, 0x28, 0x00, 0x00, 0x00, 0x00, 0x00, 0x00, 0x00, 0x00, 0x38, 0xA8, 0x00, 0x00, 0x00, 0x00,
0x00, 0x00, 0x00, 0x00, 0xB8, 0x28, 0x00, 0x00, 0x00, 0x00, 0x00, 0x00, 0x00, 0x00, 0x38, 0xA8,
0x00, 0x00, 0x00, 0x00, 0x00, 0x00, 0x00, 0x00, 0xB8, 0x28, 0x00, 0x00, 0x00, 0x00, 0x00, 0x00,
0x00, 0x00, 0x38, 0xA8, 0x00, 0x00, 0x00, 0x00, 0x00, 0x00, 0x00, 0x00, 0xB8, 0x28, 0x00, 0x00,
0x00, 0x00, 0x00, 0x00, 0x00, 0x00, 0x38, 0xA8, 0x00, 0x00, 0x00, 0x00, 0x00, 0x00, 0x00, 0x00,
0xB8, 0x28, 0x00, 0x00, 0x00, 0x00, 0x00, 0x00, 0x00, 0x00, 0x38, 0xA8, 0x00, 0x00, 0x00, 0x00,
0x00, 0x00, 0x00, 0x00, 0xB8, 0x28, 0x00, 0x00, 0x00, 0x00, 0x00, 0x00, 0x00, 0x00, 0x38, 0xA8,
0x00, 0x00, 0x00, 0x00, 0x00, 0x00, 0x00, 0x62, 0xD5, 0x10, 0x00, 0x00, 0x00, 0x00, 0x00, 0x00,
0x00, 0x00, 0x18, 0xD9, 0x57, 0x00, 0x00, 0x00, 0x00, 0x00, 0x86, 0xCC, 0x23, 0x10, 0x10, 0x10,
0x10, 0x10, 0x10, 0x10, 0x10, 0x10, 0x10, 0x2A, 0xD4, 0x79, 0x00, 0x00, 0x00, 0x48, 0xED, 0xD8,
0xD8, 0xD8, 0xD8, 0xD8, 0xD8, 0xD8, 0xD8, 0xD8, 0xD8, 0xD8, 0xD8, 0xD8, 0xD8, 0xF0, 0x3B, 0x00,
0x00, 0x50, 0x8C, 0x00, 0x00, 0x00, 0x00, 0x00, 0x00, 0x00, 0x00, 0x00, 0x00, 0x00, 0x00, 0x00,
0x00, 0x9C, 0x44, 0x00, 0x00, 0x50, 0x8C, 0x00, 0x31, 0xDF, 0xE0, 0xDF, 0x25, 0x00, 0x00, 0x31,
0xDF, 0xE0, 0xDF, 0x25, 0x00, 0x9C, 0x44, 0x00, 0x00, 0x50, 0x98, 0x1C, 0x5B, 0x9C, 0x00, 0xA8,
0x4D, 0x1C, 0x1C, 0x5B, 0x9C, 0x00, 0xA8, 0x4D, 0x1C, 0xA6, 0x44, 0x00, 0x00, 0x34, 0xC4, 0xC4,
0xC4, 0x6A, 0x00, 0x75, 0xC4, 0xC4, 0xC4, 0xC3, 0x69, 0x00, 0x75, 0xC4, 0xC4, 0xC3, 0x2A, 0x00,
0x00, 0x0C, 0x0C, 0x0C, 0x0C, 0x0C, 0x0C, 0x0C, 0x0C, 0x0C, 0x0C, 0x0C, 0x0C, 0x0C, 0x0C, 0x0C,
0x0C, 0x0C, 0x0C, 0x00, 0x04, 0xFF, 0xFF, 0xFF, 0xFF, 0xFF, 0xFF, 0xFF, 0xFF, 0xFF, 0xFF, 0xFF,
0xFF, 0xFF, 0xFF, 0xFF, 0xFF, 0xFF, 0xFF, 0x04, 0x03, 0xFC, 0xF2, 0xA5, 0xA0, 0xA0, 0xA0, 0xA0,
0xA0, 0xA0, 0xA0, 0xA0, 0xA0, 0xA0, 0xA0, 0xA0, 0xA3, 0xF0, 0xFC, 0x03, 0x00, 0x00, 0x8E, 0x9A,
0x98, 0x98, 0x98, 0x98, 0x98, 0x98, 0x98, 0x98, 0x98, 0x98, 0x98, 0x98, 0x99, 0x8B, 0x00, 0x00,
0x00, 0x00, 0x9B, 0xF8, 0xF5, 0xF5, 0xF6, 0xF7, 0xF7, 0xF8, 0xF8, 0xFA, 0xFB, 0xFC, 0xFE, 0xFF,
0xFD, 0x9C, 0x00, 0x00, 0x00, 0x00, 0x65, 0xF1, 0xF8, 0xFA, 0xFB, 0xFC, 0xFC, 0xFC, 0xF9, 0xF6,
0xF5, 0xF5, 0xF5, 0xF4, 0xF2, 0x68, 0x00, 0x00, 0x00, 0x00, 0x00, 0x8A, 0xFF, 0xFF, 0xFF, 0xFF,
0xFF, 0xFF, 0xFF, 0xFF, 0xFF, 0xFF, 0xFF, 0xFF, 0x8A, 0x00, 0x00, 0x00, 0x00, 0x00, 0x00, 0x00,
0x9A, 0xFA, 0xFF, 0xFF, 0xFF, 0xFF, 0xFF, 0xFF, 0xFF, 0xFF, 0xFC, 0x9C, 0x00, 0x00, 0x00, 0x00,
0x00, 0x00, 0x00, 0x00, 0x46, 0xF9, 0xF8, 0xF8, 0xF8, 0xF8, 0xF8, 0xF8, 0xF8, 0xF8, 0xF9, 0x45,
0x00, 0x00, 0x00, 0x00, 0x00, 0x00, 0x00, 0x00, 0x48, 0xFF, 0xFF, 0xFF, 0xFF, 0xFF, 0xFF, 0xFF,
0xFF, 0xFF, 0xFF, 0x47, 0x00, 0x00, 0x00, 0x00, 0x00, 0x00, 0x00, 0x00, 0x4A, 0xFF, 0xFF, 0xFF,
0xFF, 0xFF, 0xFF, 0xFF, 0xFF, 0xFF, 0xFF, 0x49, 0x00, 0x00, 0x00, 0x00, 0x00, 0x00, 0x00, 0x00,
0x4B, 0xFF, 0xFF, 0xFF, 0xFF, 0xFF, 0xFF, 0xFF, 0xFF, 0xFF, 0xFF, 0x4A, 0x00, 0x00, 0x00, 0x00,
0x00, 0x00, 0x00, 0x00, 0x4C, 0xFF, 0xFF, 0xFF, 0xFF, 0xFF, 0xFF, 0xFF, 0xFF, 0xFF, 0xFF, 0x4B,
0x00, 0x00, 0x00, 0x00, 0x00, 0x00, 0x00, 0x00, 0x4C, 0xFF, 0xFF, 0xFF, 0xFF, 0xFF, 0xFF, 0xFF,
0xFF, 0xFF, 0xFF, 0x4C, 0x00, 0x00, 0x00, 0x00, 0x00, 0x00, 0x00, 0x00, 0x4C, 0xFF, 0xFF, 0xFF,
0xFF, 0xFF, 0xFF, 0xFF, 0xFF, 0xFF, 0xFF, 0x4C, 0x00, 0x00, 0x00, 0x00, 0x00, 0x00, 0x00, 0x00,
0x4C, 0xFA, 0xF8, 0xF8, 0xF8, 0xF8, 0xF8, 0xF8, 0xF8, 0xF8, 0xFA, 0x4C, 0x00, 0x00, 0x00, 0x00,
0x00, 0x00, 0x00, 0x11, 0xB4, 0xFF, 0xFF, 0xFF, 0xFF, 0xFF, 0xFF, 0xFF, 0xFF, 0xFF, 0xFF, 0xB4,
0x11, 0x00, 0x00, 0x00, 0x00, 0x00, 0x1F, 0xB4, 0xD4, 0xD4, 0xD4, 0xD4, 0xD4, 0xD4, 0xD4, 0xD4,
0xD4, 0xD4, 0xD4, 0xD4, 0xB4, 0x1F, 0x00, 0x00, 0x00, 0x00, 0x95, 0x54, 0x54, 0x54, 0x54, 0x54,
0x54, 0x54, 0x54, 0x54, 0x54, 0x54, 0x54, 0x54, 0x54, 0x99, 0x03, 0x00, 0x00, 0x00, 0xFC, 0xFF,
0xFF, 0xFF, 0xFF, 0xFF, 0xFF, 0xFF, 0xFF, 0xFF, 0xFF, 0xFF, 0xFF, 0xFF, 0xFF, 0xFF, 0x04, 0x00,
0x00, 0x00, 0xFD, 0xFF, 0xFF, 0x6D, 0x4C, 0x4C, 0xF7, 0xFF, 0xFF, 0xF7, 0x4C, 0x4C, 0x6D, 0xFF,
0xFF, 0xFF, 0x04, 0x00, 0x00, 0x01, 0xF4, 0xF4, 0xF4, 0x2D, 0x00, 0x00, 0xE8, 0xF4, 0xF4, 0xE8,
0x00, 0x00, 0x2D, 0xF4, 0xF4, 0xF4, 0x03, 0x00, 0x0A, 0x34, 0x34, 0x34, 0x34, 0x34, 0x33, 0x33,
0x32, 0x32, 0x31, 0x30, 0x2F, 0x2C, 0x28, 0x22, 0x15, 0x02, 0x00, 0x00, 0x00, 0x00, 0x00, 0x00,
0x00, 0x00, 0x31, 0xBC, 0xF3, 0xDA, 0x99, 0x7C, 0x6C, 0x65, 0x63, 0x62, 0x62, 0x61, 0x61, 0x60,
0x60, 0x60, 0x60, 0x5A, 0x8C, 0x00, 0x00, 0x00, 0x00, 0x00, 0x00, 0x00, 0x2C, 0x75, 0xA4, 0x2A,
0x00, 0x00, 0x00, 0x00, 0x00, 0x00, 0x00, 0x00, 0x00, 0x00, 0x00, 0x00, 0x00, 0x41, 0x8E, 0x00,
0x00, 0x00, 0x00, 0x00, 0x00, 0x00, 0x1D, 0x8F, 0x65, 0x3F, 0x00, 0x00, 0x00, 0x00, 0x00, 0x00,
0x00, 0x00, 0x00, 0x00, 0x00, 0x00, 0x06, 0xC4, 0x16, 0x00, 0x00, 0x00, 0x00, 0x00, 0x00, 0x00,
0x03, 0xAF, 0x30, 0x64, 0x00, 0x00, 0x00, 0x00, 0x00, 0x00, 0x00, 0x00, 0x00, 0x00, 0x00, 0x00,
0x82, 0x6A, 0x00, 0x00, 0x00, 0x00, 0x00, 0x00, 0x00, 0x00, 0x00, 0xB4, 0x06, 0x8C, 0x00, 0x00,
0x00, 0x00, 0x00, 0x00, 0x00, 0x00, 0x00, 0x00, 0x00, 0x2E, 0xBC, 0x01, 0x00, 0x00, 0x00, 0x00,
0x00, 0x00, 0x00, 0x00, 0x00, 0xA3, 0x0E, 0x99, 0x00, 0x00, 0x00, 0x00, 0x00, 0x00, 0x00, 0x00,
0x00, 0x00, 0x01, 0xC1, 0x25, 0x00, 0x00, 0x00, 0x09, 0x53, 0x63, 0x14, 0x00, 0x00, 0x00, 0x6F,
0x40, 0x99, 0x05, 0x00, 0x00, 0x00, 0x00, 0x00, 0x00, 0x00, 0x00, 0x00, 0x54, 0x7F, 0x00, 0x00,
0x00, 0x42, 0xA0, 0x9A, 0xFA, 0xD0, 0x1F, 0x00, 0x00, 0x39, 0x7B, 0x70, 0x39, 0x00, 0x00, 0x00,
0x00, 0x00, 0x00, 0x00, 0x00, 0x00, 0xB2, 0x09, 0x00, 0x00, 0x64, 0xAB, 0x06, 0x62, 0x5F, 0x33,
0xB9, 0x00, 0x00, 0x07, 0xB5, 0x36, 0x77, 0x00, 0x00, 0x00, 0x00, 0x00, 0x00, 0x00, 0x00, 0x3E,
0x73, 0x00, 0x00, 0x62, 0xB2, 0x05, 0x00, 0x5C, 0x02, 0xBF, 0xC5, 0x1F, 0x00, 0x00, 0xB3, 0x0B,
0xA2, 0x00, 0x00, 0x00, 0x00, 0x00, 0x00, 0x00, 0x00, 0xA5, 0x14, 0x00, 0x5A, 0xC3, 0x09, 0x00,
0x00, 0x2D, 0x00, 0x5C, 0x66, 0x30, 0x00, 0x00, 0x75, 0x54, 0x98, 0x09, 0x00, 0x00, 0x00, 0x00,
0x00, 0x00, 0x14, 0xDB, 0x00, 0x6E, 0xD3, 0x11, 0x00, 0x00, 0x00, 0x07, 0x00, 0x08, 0xC3, 0x04,
0x00, 0x00, 0x24, 0xB5, 0x56, 0x52, 0x00, 0x00, 0x00, 0x00, 0x00, 0x00, 0x6E, 0xDD, 0xDF, 0xEA,
0x21, 0x00, 0x00, 0x00, 0x00, 0x00, 0x00, 0x90, 0x66, 0x00, 0x00, 0x00, 0x00, 0xC9, 0x2C, 0xAE,
0x00, 0x00, 0x00, 0x00, 0x00, 0x00, 0xBA, 0x42, 0xF8, 0x3B, 0x00, 0x00, 0x00, 0x00, 0x00, 0x00,
0x37, 0xBB, 0x00, 0x00, 0x00, 0x00, 0x00, 0x65, 0x9A, 0xAC, 0x25, 0x00, 0x00, 0x00, 0x00, 0x18,
0xAD, 0x45, 0x5E, 0x00, 0x00, 0x00, 0x00, 0x00, 0x00, 0x00, 0xBE, 0x27, 0x00, 0x00, 0x00, 0x00,
0x00, 0x08, 0xDC, 0x71, 0x78, 0x00, 0x00, 0x00, 0x00, 0x55, 0x48, 0x15, 0x00, 0x00, 0x00, 0x00,
0x00, 0x00, 0x00, 0x39, 0x9C, 0x00, 0x00, 0x00, 0x00, 0x00, 0x00, 0x00, 0x4F, 0xBE, 0x57, 0x00,
0x00, 0x00, 0x00, 0x1F, 0x00, 0x00, 0x00, 0x00, 0x00, 0x00, 0x00, 0x00, 0x00, 0xA5, 0x27, 0x00,
0x00, 0x00, 0x00, 0x00, 0x00, 0x00, 0x00, 0x98, 0x79, 0x00, 0x00, 0x00, 0x00, 0x00, 0x00, 0x00,
0x00, 0x00, 0x0C, 0xBF, 0x5A, 0x00, 0x16, 0xB3, 0x00, 0x00, 0x00, 0x00, 0x00, 0x00, 0x00, 0x00,
0x00, 0x06, 0xBE, 0x4A, 0x00, 0x00, 0x00, 0x00, 0x00, 0x00, 0x00, 0x00, 0x07, 0xD1, 0xB0, 0x00,
0x6D, 0x57, 0x00, 0x00, 0x00, 0x00, 0x00, 0x00, 0x00, 0x00, 0x00, 0x00, 0x11, 0xC8, 0x44, 0x00,
0x00, 0x00, 0x00, 0x00, 0x00, 0x00, 0x00, 0x03, 0x06, 0x00, 0xB7, 0x0A, 0x00, 0x00, 0x00, 0x00,
0x00, 0x00, 0x00, 0x00, 0x00, 0x00, 0x00, 0x17, 0xCD, 0x54, 0x00, 0x00, 0x00, 0x00, 0x00, 0x00,
0x00, 0x00, 0x00, 0x0E, 0xA6, 0x00, 0x00, 0x00, 0x00, 0x00, 0x00, 0x00, 0x00, 0x00, 0x00, 0x00,
0x00, 0x00, 0x14, 0xC6, 0x7E, 0x02, 0x00, 0x00, 0x00, 0x00, 0x00, 0x00, 0x00, 0x46, 0x62, 0x00,
0x00, 0x00, 0x00, 0x00, 0x00, 0x00, 0x00, 0x00, 0x00, 0x00, 0x00, 0x00, 0x00, 0x08, 0x98, 0xC3,
0x41, 0x6B, 0x2D, 0x00, 0x7E, 0x36, 0x00, 0x6F, 0x2B, 0x00, 0x00, 0x00, 0x00, 0x00, 0x00, 0x00,
0x00, 0x00, 0x00, 0x00, 0x00, 0x00, 0x00, 0x00, 0x00, 0x36, 0x93, 0xE6, 0x81, 0x00, 0xE6, 0xC3,
0x64, 0x7B, 0x0C, 0x00, 0x00, 0x00, 0x00, 0x00, 0x00, 0x00, 0x00, 0x00, 0x00, 0x00, 0x00, 0x00,
0x00, 0x00, 0x00, 0x00, 0x00, 0x16, 0xB5, 0x20, 0x72, 0x01, 0x8A, 0x6F, 0x00, 0x00, 0x00, 0x00,
0x00, 0x00, 0x00, 0x00, 0x00, 0x00, 0x00, 0x00, 0x00, 0x00, 0x00, 0x00, 0x00, 0x00, 0x00, 0x00,
0x33, 0xA0, 0x13, 0x00, 0x00, 0x00, 0x00, 0x00, 0x00, 0x00, 0x00, 0x00, 0x0A, 0x34, 0x34, 0x34,
0x34, 0x34, 0x33, 0x33, 0x32, 0x32, 0x31, 0x30, 0x2F, 0x2C, 0x28, 0x22, 0x15, 0x02, 0x00, 0x00,
0x00, 0x00, 0x00, 0x00, 0x00, 0x00, 0x31, 0xFF, 0xF0, 0xFF, 0xFF, 0xFF, 0xFF, 0xFF, 0xFF, 0xFF,
0xFF, 0xFF, 0xFF, 0xFF, 0xFF, 0xFF, 0xFF, 0xFA, 0xA9, 0x00, 0x00, 0x00, 0x00, 0x00, 0x00, 0x00,
0x2C, 0xFF, 0xA7, 0xF4, 0xFF, 0xFF, 0xFF, 0xFF, 0xFF, 0xFF, 0xFF, 0xFF, 0xFF, 0xFF, 0xFF, 0xFF,
0xFF, 0xFF, 0x8E, 0x00, 0x00, 0x00, 0x00, 0x00, 0x00, 0x00, 0x1D, 0xFF, 0xB5, 0xBE, 0xFF, 0xFF,
0xFF, 0xFF, 0xFF, 0xFF, 0xFF, 0xFF, 0xFF, 0xFF, 0xFF, 0xFF, 0xFF, 0xF0, 0x16, 0x00, 0x00, 0x00,
0x00, 0x00, 0x00, 0x00, 0x03, 0xFA, 0xD2, 0x8B, 0xFF, 0xFF, 0xFF, 0xFF, 0xFF, 0xFF, 0xFF, 0xFF,
0xFF, 0xFF, 0xFF, 0xFF, 0xFF, 0x6A, 0x00, 0x00, 0x00, 0x00, 0x00, 0x00, 0x00, 0x00, 0x00, 0xD4,
0xF5, 0x5E, 0xFF, 0xFF, 0xFF, 0xFF, 0xFF, 0xFF, 0xFF, 0xFF, 0xFF, 0xFF, 0xFF, 0xFF, 0xC2, 0x01,
0x00, 0x00, 0x00, 0x00, 0x00, 0x00, 0x00, 0x00, 0x00, 0xA4, 0xFF, 0x51, 0xFF, 0xFF, 0xFF, 0xFF,
0xFF, 0xFF, 0xFF, 0xFF, 0xFF, 0xFF, 0xFF, 0xF7, 0x25, 0x00, 0x00, 0x00, 0x09, 0x53, 0x63, 0x14,
0x00, 0x00, 0x00, 0x6F, 0xFF, 0x58, 0xFA, 0xFF, 0xFF, 0xFF, 0xFF, 0xFF, 0xFF, 0xFF, 0xFF, 0xFF,
0xFF, 0x7F, 0x00, 0x00, 0x00, 0x42, 0xE0, 0xF7, 0xB3, 0xE2, 0x1F, 0x00, 0x00, 0x39, 0xFF, 0x8D,
0xCA, 0xFF, 0xFF, 0xFF, 0xFF, 0xFF, 0xFF, 0xFF, 0xFF, 0xFF, 0xE6, 0x09, 0x00, 0x00, 0x64, 0xFB,
0xFF, 0xA7, 0xA6, 0xFE, 0xB8, 0x00, 0x00, 0x07, 0xF6, 0xCF, 0x8F, 0xFF, 0xFF, 0xFF, 0xFF, 0xFF,
0xFF, 0xFF, 0xFF, 0xFF, 0x73, 0x00, 0x00, 0x62, 0xFE, 0xFF, 0xFF, 0x6D, 0xEA, 0x42, 0xB8, 0x1F,
0x00, 0x00, 0xBB, 0xFE, 0x5E, 0xFF, 0xFF, 0xFF, 0xFF, 0xFF, 0xFF, 0xFF, 0xFF, 0xFD, 0x14, 0x00,
0x5A, 0xFD, 0xFF, 0xFF, 0xFF, 0xA2, 0xFF, 0x8A, 0xFF, 0x30, 0x00, 0x00, 0x75, 0xFF, 0x5D, 0xF6,
0xFF, 0xFF, 0xFF, 0xFF, 0xFF, 0xFF, 0xFF, 0xE1, 0x00, 0x6E, 0xFD, 0xFF, 0xFF, 0xFF, 0xFF, 0xFF,
0xFF, 0xFF, 0xE8, 0x04, 0x00, 0x00, 0x24, 0xFF, 0xA5, 0xA6, 0xFF, 0xFF, 0xFF, 0xFF, 0xFF, 0xFF,
0xCC, 0xFF, 0xDF, 0xFF, 0xFF, 0xFF, 0xFF, 0xFF, 0xFF, 0xFF, 0xFF, 0xFF, 0x66, 0x00, 0x00, 0x00,
0x00, 0xCC, 0xF4, 0x51, 0xFF, 0xFF, 0xFF, 0xFF, 0xFF, 0xFF, 0x5A, 0xFF, 0xEA, 0xFF, 0xFF, 0xFF,
0xFF, 0xFF, 0xFF, 0xFF, 0xFF, 0xBE, 0x00, 0x00, 0x00, 0x00, 0x00, 0x65, 0xFF, 0x5C, 0xE1, 0xFF,
0xFF, 0xFF, 0xFF, 0xEA, 0x5A, 0xCF, 0xA9, 0xFF, 0xFF, 0xFF, 0xFF, 0xFF, 0xFF, 0xFF, 0xFC, 0x2A,
0x00, 0x00, 0x00, 0x00, 0x00, 0x08, 0xE1, 0xB9, 0x97, 0xFF, 0xFF, 0xFF, 0xFF, 0xA8, 0xB2, 0xA2,
0xFC, 0xFF, 0xFF, 0xFF, 0xFF, 0xFF, 0xFF, 0xFF, 0xA8, 0x00, 0x00, 0x00, 0x00, 0x00, 0x00, 0x00,
0x4F, 0xFE, 0xA9, 0xFF, 0xFF, 0xFF, 0xFF, 0xDA, 0xFE, 0xFF, 0xFF, 0xFF, 0xFF, 0xFF, 0xFF, 0xFF,
0xFF, 0xFF, 0x37, 0x00, 0x00, 0x00, 0x00, 0x00, 0x00, 0x00, 0x00, 0x98, 0xFF, 0xFF, 0xFF, 0xFF,
0xFF, 0xFF, 0xFF, 0xFF, 0xFF, 0xFF, 0xF3, 0x44, 0xA6, 0xFF, 0xFF, 0xC6, 0x00, 0x00, 0x00, 0x00,
0x00, 0x00, 0x00, 0x00, 0x00, 0x06, 0xC2, 0xFF, 0xFF, 0xFF, 0xFF, 0xFF, 0xFF, 0xFF, 0xFF, 0xFF,
0xF9, 0x2C, 0x4B, 0xFF, 0xFF, 0x5A, 0x00, 0x00, 0x00, 0x00, 0x00, 0x00, 0x00, 0x00, 0x00, 0x00,
0x11, 0xD2, 0xFF, 0xFF, 0xFF, 0xFF, 0xFF, 0xFF, 0xFF, 0xFF, 0xFF, 0xFA, 0xF8, 0xFF, 0xF9, 0x0D,
0x00, 0x00, 0x00, 0x00, 0x00, 0x00, 0x00, 0x00, 0x00, 0x00, 0x00, 0x17, 0xD5, 0xFF, 0xFF, 0xFF,
0xFF, 0xFF, 0xFF, 0xFF, 0xFF, 0xFF, 0xFF, 0xFF, 0xB7, 0x00, 0x00, 0x00, 0x00, 0x00, 0x00, 0x00,
0x00, 0x00, 0x00, 0x00, 0x00, 0x00, 0x14, 0xC7, 0xFF, 0xFF, 0xFF, 0xFF, 0xFF, 0xFF, 0xFF, 0xFF,
0xFF, 0xFF, 0x67, 0x00, 0x00, 0x00, 0x00, 0x00, 0x00, 0x00, 0x00, 0x00, 0x00, 0x00, 0x00, 0x00,
0x00, 0x08, 0x98, 0xFF, 0xFF, 0xFF, 0xFF, 0xFF, 0xFF, 0xFF, 0xFF, 0xFF, 0x2E, 0x00, 0x00, 0x00,
0x00, 0x00, 0x00, 0x00, 0x00, 0x00, 0x00, 0x00, 0x00, 0x00, 0x00, 0x00, 0x00, 0x36, 0x8F, 0xE7,
0xFF, 0xFF, 0xED, 0xC4, 0xFF, 0xFF, 0x0E, 0x00, 0x00, 0x00, 0x00, 0x00, 0x00, 0x00, 0x00, 0x00,
0x00, 0x00, 0x00, 0x00, 0x00, 0x00, 0x00, 0x00, 0x00, 0x17, 0xDE, 0xFF, 0x72, 0x01, 0x93, 0xC8,
0x00, 0x00, 0x00, 0x00, 0x00, 0x00, 0x00, 0x00, 0x00, 0x00, 0x00, 0x00, 0x00, 0x00, 0x00, 0x00,
0x00, 0x00, 0x00, 0x00, 0x32, 0xBB, 0x13, 0x00, 0x00, 0x00, 0x00, 0x00, 0x00, 0x00, 0x00, 0x00,
0x00, 0x00, 0x00, 0x00, 0x00, 0x00, 0x00, 0x00, 0x00, 0x00, 0x00, 0x00, 0x34, 0x44, 0x00, 0x00,
0x00, 0x00, 0x00, 0x00, 0x00, 0x00, 0x00, 0x00, 0x00, 0x00, 0x00, 0x00, 0x00, 0x00, 0x00, 0x00,
0x00, 0x00, 0x00, 0x00, 0x0F, 0x61, 0xA2, 0xB1, 0x61, 0x15, 0x00, 0x00, 0x00, 0x00, 0x00, 0x00,
0x00, 0x00, 0x00, 0x00, 0x00, 0x00, 0x00, 0x00, 0x00, 0x00, 0x00, 0x00, 0x00, 0x00, 0x10, 0x6E,
0xA9, 0xBB, 0x6F, 0x17, 0x00, 0x00, 0x00, 0x00, 0x00, 0x00, 0x00, 0x00, 0x00, 0x00, 0x00, 0x00,
0x00, 0x00, 0x00, 0x00, 0x00, 0x00, 0x00, 0x00, 0x00, 0x00, 0x5C, 0x80, 0x00, 0x00, 0x00, 0x00,
0x00, 0x00, 0x00, 0x00, 0x00, 0x00, 0x00, 0x00, 0x00, 0x00, 0x00, 0x00, 0x00, 0x00, 0x00, 0x00,
0x00, 0x00, 0x00, 0x1A, 0xB1, 0xC3, 0x1C, 0x00, 0x00, 0x00, 0x00, 0x00, 0x00, 0x00, 0x00, 0x00,
0x00, 0x00, 0x00, 0x00, 0x00, 0x00, 0x00, 0x00, 0x00, 0x00, 0x00, 0x00, 0x0D, 0xDD, 0x84, 0x7D,
0xE4, 0x12, 0x00, 0x00, 0x00, 0x00, 0x00, 0x00, 0x00, 0x00, 0x00, 0x00, 0x00, 0x00, 0x00, 0x01,
0x16, 0x09, 0x00, 0x00, 0x00, 0x00, 0x66, 0xA1, 0x00, 0x00, 0x98, 0x74, 0x00, 0x00, 0x00, 0x00,
0x05, 0x0D, 0x00, 0x00, 0x00, 0x00, 0x00, 0x01, 0x71, 0xE2, 0xE5, 0xF5, 0xCA, 0x64, 0x05, 0x00,
0x91, 0x69, 0x00, 0x00, 0x5D, 0x9F, 0x00, 0x03, 0x57, 0xC3, 0xF0, 0xE9, 0xE7, 0x7E, 0x04, 0x00,
0x00, 0x92, 0xB9, 0x1D, 0x00, 0x03, 0x3B, 0xAF, 0xD2, 0x2E, 0x86, 0x73, 0x00, 0x00, 0x67, 0x96,
0x29, 0xCC, 0xB3, 0x3D, 0x03, 0x00, 0x19, 0xB1, 0x9C, 0x00, 0x23, 0xE5, 0x0D, 0x00, 0x00, 0x00,
0x00, 0x00, 0x4D, 0xEA, 0xC0, 0xAC, 0x00, 0x00, 0x9B, 0xC2, 0xEA, 0x54, 0x00, 0x00, 0x00, 0x00,
0x00, 0x06, 0xDE, 0x28, 0x59, 0xA7, 0x00, 0x00, 0x00, 0x00, 0x00, 0x00, 0x00, 0x2B, 0xE9, 0xF1,
0x06, 0x02, 0xE6, 0xEC, 0x2E, 0x00, 0x00, 0x00, 0x00, 0x00, 0x00, 0x00, 0x93, 0x69, 0x50, 0xAF,
0x00, 0x00, 0x00, 0x00, 0x00, 0x00, 0x00, 0x00, 0x37, 0xF9, 0x50, 0x44, 0xFC, 0x3C, 0x00, 0x00,
0x00, 0x00, 0x00, 0x00, 0x00, 0x00, 0xA1, 0x64, 0x11, 0xE8, 0x1B, 0x00, 0x00, 0x00, 0x00, 0x00,
0x00, 0x00, 0x00, 0x88, 0xAB, 0x9F, 0x90, 0x00, 0x00, 0x00, 0x00, 0x00, 0x00, 0x00, 0x00, 0x16,
0xEA, 0x18, 0x00, 0x77, 0xB7, 0x01, 0x00, 0x00, 0x00, 0x00, 0x00, 0x00, 0x00, 0x16, 0xF7, 0xF2,
0x22, 0x00, 0x00, 0x00, 0x00, 0x00, 0x00, 0x00, 0x00, 0xAA, 0x84, 0x00, 0x00, 0x02, 0xBA, 0x70,
0x00, 0x00, 0x00, 0x00, 0x00, 0x00, 0x00, 0x00, 0xD3, 0xDC, 0x00, 0x00, 0x00, 0x00, 0x00, 0x00,
0x00, 0x00, 0x64, 0xCA, 0x05, 0x00, 0x00, 0x00, 0x18, 0xE3, 0x29, 0x00, 0x00, 0x00, 0x00, 0x00,
0x00, 0x0B, 0xAE, 0xB8, 0x15, 0x04, 0x00, 0x00, 0x00, 0x00, 0x00, 0x20, 0xE8, 0x24, 0x00, 0x00,
0x00, 0x00, 0x00, 0x5A, 0xC5, 0x39, 0x6C, 0x9C, 0xBA, 0xD5, 0xEF, 0xF1, 0xE6, 0xE9, 0xF1, 0xFD,
0xE5, 0xC8, 0xA1, 0x6D, 0x3B, 0xBE, 0x6D, 0x00, 0x00, 0x00, 0x00, 0x00, 0x00, 0x00, 0xCE, 0xD5,
0x94, 0x68, 0x3B, 0x1A, 0x06, 0x00, 0x00, 0x00, 0x00, 0x06, 0x1B, 0x38, 0x65, 0x93, 0xD2, 0xDC,
0x02, 0x00, 0x00, 0x00, 0x00, 0x00, 0x00, 0x00, 0xA4, 0x59, 0x00, 0x00, 0x00, 0x0A, 0x27, 0x44,
0x50, 0x50, 0x46, 0x2B, 0x0F, 0x00, 0x00, 0x00, 0x4B, 0xB5, 0x00, 0x00, 0x00, 0x00, 0x00, 0x00,
0x00, 0x00, 0x8F, 0x93, 0x6E, 0xA6, 0xDE, 0xF5, 0xD8, 0xBA, 0xA8, 0xA8, 0xB4, 0xC9, 0xEB, 0xE5,
0xAF, 0x77, 0x8D, 0x9E, 0x00, 0x00, 0x00, 0x00, 0x00, 0x00, 0x00, 0x00, 0x86, 0xE3, 0x86, 0x4A,
0x1D, 0x26, 0x4C, 0x64, 0x6C, 0x6C, 0x63, 0x4E, 0x2B, 0x16, 0x46, 0x83, 0xDE, 0x91, 0x00, 0x00,
0x00, 0x00, 0x00, 0x00, 0x00, 0x00, 0x98, 0x8E, 0x73, 0xB8, 0xF1, 0xD8, 0xB7, 0x9B, 0x8F, 0x8F,
0x9A, 0xAF, 0xD7, 0xF0, 0xB7, 0x6C, 0x7B, 0xA2, 0x00, 0x00, 0x00, 0x00, 0x00, 0x00, 0x00, 0x00,
0xAB, 0xFF, 0xA9, 0x47, 0x0E, 0x00, 0x00, 0x00, 0x00, 0x00, 0x00, 0x00, 0x00, 0x0A, 0x41, 0xA0,
0xFF, 0xB9, 0x00, 0x00, 0x00, 0x00, 0x00, 0x00, 0x00, 0x00, 0x20, 0x96, 0xE3, 0xB9, 0x83, 0x61,
0x4C, 0x43, 0x42, 0x43, 0x48, 0x4E, 0x66, 0x8B, 0xBE, 0xE1, 0x90, 0x22, 0x00, 0x00, 0x00, 0x00,
0x00, 0x00, 0x00, 0x00, 0x00, 0x00, 0x03, 0x3C, 0x6B, 0x95, 0xAB, 0xB1, 0xB4, 0xB4, 0xB0, 0xAA,
0x95, 0x69, 0x3A, 0x04, 0x00, 0x00, 0x00, 0x00, 0x00, 0x00, 0x00, 0x00, 0x00, 0x00, 0x00, 0x00,
0x00, 0x00, 0x00, 0x00, 0x00, 0x00, 0x36, 0x55, 0x00, 0x00, 0x00, 0x00, 0x00, 0x00, 0x00, 0x00,
0x00, 0x00, 0x00, 0x00, 0x00, 0x00, 0x00, 0x00, 0x00, 0x00, 0x00, 0x00, 0x00, 0x00, 0x12, 0x6A,
0xA3, 0xBF, 0x6E, 0x21, 0x00, 0x00, 0x00, 0x00, 0x00, 0x00, 0x00, 0x00, 0x00, 0x00, 0x00, 0x00,
0x00, 0x00, 0x00, 0x00, 0x00, 0x00, 0x00, 0x00, 0x14, 0x6D, 0xA1, 0xBF, 0x6C, 0x21, 0x00, 0x00,
0x00, 0x00, 0x00, 0x00, 0x00, 0x00, 0x00, 0x00, 0x00, 0x00, 0x00, 0x00, 0x00, 0x00, 0x00, 0x00,
0x00, 0x00, 0x00, 0x00, 0x5B, 0x88, 0x00, 0x00, 0x00, 0x00, 0x00, 0x00, 0x00, 0x00, 0x00, 0x00,
0x00, 0x00, 0x00, 0x00, 0x00, 0x00, 0x00, 0x00, 0x00, 0x00, 0x00, 0x00, 0x00, 0x00, 0x77, 0x9F,
0x01, 0x00, 0x00, 0x00, 0x00, 0x00, 0x00, 0x00, 0x00, 0x00, 0x00, 0x00, 0x00, 0x00, 0x00, 0x00,
0x00, 0x00, 0x00, 0x00, 0x00, 0x00, 0x00, 0x54, 0x53, 0x4C, 0x64, 0x00, 0x00, 0x00, 0x00, 0x00,
0x00, 0x00, 0x00, 0x00, 0x00, 0x00, 0x00, 0x00, 0x00, 0x00, 0x00, 0x00, 0x00, 0x00, 0x00, 0x00,
0x1A, 0x5F, 0xEB, 0xF9, 0x5D, 0x35, 0x00, 0x00, 0x00, 0x00, 0x00, 0x00, 0x00, 0x00, 0x00, 0x00,
0x00, 0x00, 0x2A, 0x65, 0x69, 0x6C, 0x53, 0x07, 0x00, 0x00, 0x42, 0x68, 0xFF, 0xFF, 0x66, 0x60,
0x00, 0x00, 0x04, 0x49, 0x62, 0x66, 0x5A, 0x33, 0x00, 0x00, 0x00, 0x47, 0x72, 0xB1, 0xDF, 0xC1,
0x7D, 0x68, 0x4C, 0x00, 0x34, 0x69, 0xFF, 0xFF, 0x6D, 0x61, 0x00, 0x41, 0x65, 0x6E, 0xAE, 0xD7,
0xBA, 0x68, 0x4F, 0x00, 0x0D, 0x66, 0xE6, 0xFF, 0xFF, 0xFF, 0xFF, 0xE3, 0x64, 0x6F, 0x13, 0x6C,
0xFF, 0xFF, 0x73, 0x36, 0x62, 0x53, 0xCA, 0xFF, 0xFF, 0xFF, 0xFF, 0xF4, 0x5E, 0x1E, 0x4B, 0x5F,
0xFF, 0xFF, 0xFF, 0xFF, 0xFF, 0xFF, 0xFC, 0x76, 0x7A, 0x73, 0xD9, 0xF7, 0x74, 0x68, 0x5D, 0xEE,
0xFF, 0xFF, 0xFF, 0xFF, 0xFF, 0xFF, 0x6C, 0x59, 0x50, 0x55, 0xFF, 0xFF, 0xFF, 0xFF, 0xFF, 0xFF,
0xFF, 0xFF, 0x6D, 0xCE, 0x9A, 0xB6, 0xC7, 0x65, 0xF9, 0xFF, 0xFF, 0xFF, 0xFF, 0xFF, 0xFF, 0xFF,
0x69, 0x61, 0x12, 0x58, 0xEF, 0xFF, 0xFF, 0xFF, 0xFF, 0xFF, 0xFF, 0xFF, 0xF8, 0x68, 0x8F, 0x90,
0x7F, 0xE9, 0xFF, 0xFF, 0xFF, 0xFF, 0xFF, 0xFF, 0xFF, 0xFC, 0x60, 0x2D, 0x00, 0x61, 0x7A, 0xFF,
0xFF, 0xFF, 0xFF, 0xFF, 0xFF, 0xFF, 0xFF, 0xAB, 0x7E, 0x7D, 0x92, 0xFF, 0xFF, 0xFF, 0xFF, 0xFF,
0xFF, 0xFF, 0xFF, 0x94, 0x67, 0x00, 0x00, 0x04, 0x6C, 0xB8, 0xFF, 0xFF, 0xFF, 0xFF, 0xFF, 0xFF,
0xFF, 0xFA, 0x96, 0x92, 0xE7, 0xFF, 0xFF, 0xFF, 0xFF, 0xFF, 0xFF, 0xFF, 0xD5, 0x6B, 0x0E, 0x00,
0x00, 0x00, 0x27, 0x62, 0xEC, 0xFF, 0xFF, 0xFF, 0xFF, 0xFF, 0xFF, 0xFF, 0xA1, 0x9F, 0xFF, 0xFF,
0xFF, 0xFF, 0xFF, 0xFF, 0xFF, 0xF9, 0x5F, 0x37, 0x00, 0x00, 0x00, 0x00, 0x00, 0x5C, 0x6B, 0xFF,
0xED, 0xB6, 0x81, 0x5B, 0x3D, 0x30, 0x17, 0x16, 0x30, 0x43, 0x56, 0x7C, 0xA7, 0xDF, 0xFF, 0x83,
0x63, 0x00, 0x00, 0x00, 0x00, 0x00, 0x00, 0x02, 0x6B, 0x24, 0x0B, 0x3F, 0x70, 0x99, 0xB9, 0xCA,
0xD0, 0xD0, 0xC9, 0xB9, 0x9E, 0x76, 0x48, 0x0F, 0x21, 0x67, 0x0C, 0x00, 0x00, 0x00, 0x00, 0x00,
0x00, 0x00, 0x62, 0xD2, 0xFA, 0xFF, 0xFF, 0xFF, 0xFF, 0xFF, 0xFF, 0xFF, 0xFF, 0xFF, 0xFF, 0xFF,
0xFF, 0xFD, 0xD1, 0x86, 0x00, 0x00, 0x00, 0x00, 0x00, 0x00, 0x00, 0x00, 0x46, 0xFF, 0xFF, 0xE3,
0xA5, 0x76, 0x4F, 0x37, 0x28, 0x28, 0x30, 0x4A, 0x72, 0xA3, 0xE7, 0xFF, 0xFF, 0x69, 0x00, 0x00,
0x00, 0x00, 0x00, 0x00, 0x00, 0x00, 0x39, 0xAF, 0x32, 0x34, 0x79, 0xB2, 0xD8, 0xED, 0xF5, 0xF6,
0xF2, 0xDE, 0xB0, 0x7B, 0x38, 0x35, 0x96, 0x5A, 0x00, 0x00, 0x00, 0x00, 0x00, 0x00, 0x00, 0x00,
0x3E, 0xC6, 0xE5, 0xFE, 0xD1, 0xA2, 0x79, 0x5F, 0x51, 0x50, 0x5D, 0x72, 0x99, 0xCA, 0xF8, 0xE8,
0xBF, 0x5F, 0x00, 0x00, 0x00, 0x00, 0x00, 0x00, 0x00, 0x00, 0x54, 0xCF, 0x60, 0x2B, 0x4A, 0x80,
0xAE, 0xC3, 0xCD, 0xCD, 0xC7, 0xB4, 0x89, 0x59, 0x20, 0x4C, 0xB6, 0x76, 0x00, 0x00, 0x00, 0x00,
0x00, 0x00, 0x00, 0x00, 0x21, 0x5A, 0xBA, 0xFD, 0xFF, 0xFF, 0xFF, 0xFF, 0xFF, 0xFF, 0xFF, 0xFF,
0xFF, 0xFF, 0xFE, 0xC8, 0x5B, 0x34, 0x00, 0x00, 0x00, 0x00, 0x00, 0x00, 0x00, 0x00, 0x00, 0x00,
0x14, 0x54, 0x84, 0xA6, 0xB9, 0xC3, 0xC4, 0xC4, 0xC4, 0xBA, 0xA6, 0x89, 0x5A, 0x1B, 0x00, 0x00,
0x00, 0x00, 0x00, 0x00, 0x00, 0x00, 0x00, 0x00, 0x00, 0x00, 0x00, 0x00, 0x00, 0x00, 0x1C, 0x00,
0x00, 0x00, 0x00, 0x00, 0x00, 0x00, 0x00, 0x00, 0x00, 0x00, 0x00, 0x00, 0x00, 0x00, 0x00, 0x00,
0x00, 0x00, 0x00, 0x00, 0x2D, 0x18, 0x00, 0x29, 0xFC, 0x87, 0x00, 0x00, 0x00, 0x00, 0x00, 0x00,
0x00, 0x00, 0x00, 0x00, 0x00, 0x00, 0x00, 0x00, 0x00, 0x00, 0x00, 0x00, 0x00, 0x00, 0xE3, 0xE1,
0x2D, 0x96, 0xFF, 0xFF, 0x69, 0x02, 0x00, 0x00, 0x00, 0x00, 0x00, 0x00, 0x00, 0x00, 0x00, 0x00,
0x00, 0x00, 0x00, 0x00, 0x00, 0x00, 0x00, 0x06, 0xFF, 0xFF, 0xFF, 0xFF, 0xFF, 0xFF, 0xFF, 0xF0,
0x9F, 0x1A, 0x00, 0x00, 0x00, 0x00, 0x00, 0x00, 0x00, 0x00, 0x00, 0x00, 0x00, 0x00, 0x00, 0x00,
0x00, 0x2F, 0xFF, 0xFF, 0xFF, 0xFF, 0xFF, 0xFF, 0xFF, 0xFF, 0xFF, 0xEC, 0x46, 0x00, 0x00, 0x00,
0x00, 0x00, 0x00, 0x00, 0x00, 0x00, 0x00, 0x00, 0x00, 0x00, 0x00, 0x6D, 0xFF, 0xFF, 0xFF, 0xFF,
0xFF, 0xFF, 0xFF, 0xFF, 0xFF, 0xFF, 0xFC, 0x58, 0x00, 0x00, 0x00, 0x00, 0x00, 0x00, 0x00, 0x00,
0x00, 0x00, 0x00, 0x00, 0x00, 0xC0, 0xFF, 0xFF, 0xFF, 0xFF, 0xFF, 0xFF, 0xFF, 0xFF, 0xFF, 0xFF,
0xFF, 0xFC, 0x59, 0x00, 0x00, 0x00, 0x00, 0x00, 0x00, 0x00, 0x00, 0x00, 0x00, 0x00, 0x1B, 0xFD,
0xFF, 0xC2, 0xBE, 0xFF, 0xFF, 0xFF, 0xFF, 0xFF, 0xFF, 0xFF, 0xFF, 0xFF, 0xFC, 0x4D, 0x00, 0x00,
0x00, 0x00, 0x00, 0x00, 0x00, 0x00, 0x00, 0x00, 0x72, 0xFF, 0xFF, 0x59, 0x04, 0xE2, 0xFF, 0xFF,
0xFF, 0xFF, 0xFF, 0xFF, 0xFF, 0xFF, 0xFF, 0xF4, 0x2E, 0x00, 0x00, 0x00, 0x00, 0x00, 0x00, 0x00,
0x00, 0x01, 0xD2, 0xFF, 0xFF, 0xE6, 0x9C, 0xFD, 0xFF, 0xFF, 0xFF, 0xFF, 0xFF, 0xFF, 0xFF, 0xFF,
0xFF, 0xF8, 0xDB, 0x0C, 0x00, 0x00, 0x00, 0x00, 0x00, 0x00, 0x00, 0x4E, 0xFF, 0xFF, 0xFF, 0xFF,
0xFF, 0xFF, 0xFF, 0xFF, 0xEA, 0xF5, 0xA8, 0xFF, 0xFF, 0xFF, 0xFF, 0x8B, 0xE9, 0x96, 0x00, 0x00,
0x00, 0x00, 0x00, 0x00, 0x00, 0xCA, 0xFF, 0xFF, 0xFF, 0xFF, 0xFF, 0xFF, 0xFF, 0xEF, 0x8A, 0x9C,
0xAC, 0xFF, 0xFF, 0xFF, 0xFF, 0xBD, 0x85, 0xFD, 0x2B, 0x00, 0x00, 0x00, 0x00, 0x00, 0x4E, 0xFF,
0xFF, 0xFF, 0xFF, 0xFF, 0xFF, 0xFF, 0xFF, 0xA6, 0xE9, 0x56, 0xF3, 0xFF, 0xFF, 0xFF, 0xFF, 0xFB,
0x3E, 0xFF, 0x9A, 0x00, 0x00, 0x00, 0x00, 0x0B, 0xE0, 0xFF, 0xFF, 0xFF, 0xFF, 0xFF, 0xFF, 0xFF,
0xFF, 0xFF, 0xFF, 0x7F, 0xFF, 0xFF, 0xFF, 0xFF, 0xFF, 0xFF, 0x76, 0xCE, 0xF3, 0x08, 0x00, 0x00,
0x00, 0x8B, 0xFF, 0xFF, 0xFF, 0xFF, 0xFF, 0xFF, 0xFF, 0xFF, 0xF2, 0x87, 0xEA, 0xF5, 0xFF, 0xFF,
0xFF, 0xFF, 0xFF, 0xFF, 0xD7, 0x7C, 0xFF, 0x51, 0x00, 0x00, 0x0B, 0xF5, 0xE9, 0xFF, 0xEE, 0xFF,
0xFF, 0xFF, 0xFF, 0xE3, 0x2B, 0x00, 0xDE, 0xFF, 0xFF, 0xFF, 0xFF, 0xFF, 0xFF, 0xFF, 0xFF, 0x52,
0xFF, 0x9D, 0x00, 0x00, 0x25, 0xFE, 0x51, 0xFC, 0x7C, 0xFF, 0xFF, 0xFF, 0xE7, 0x25, 0x00, 0x26,
0xFF, 0xFF, 0xFF, 0xFF, 0xFF, 0xFF, 0xFF, 0xFF, 0xFF, 0x72, 0xE2, 0xE1, 0x00, 0x00, 0x06, 0xB1,
0x8F, 0xE2, 0x72, 0xFF, 0xFF, 0xE7, 0x28, 0x00, 0x00, 0x91, 0xFF, 0xFF, 0xFF, 0xFF, 0xFF, 0xFF,
0xFF, 0xFF, 0xFF, 0xB5, 0xA0, 0xFF, 0x22, 0x00, 0x00, 0x74, 0xFF, 0xA4, 0xBB, 0xFF, 0xD7, 0x26,
0x00, 0x00, 0x1C, 0xF7, 0xFF, 0xFF, 0xFF, 0xFF, 0xFF, 0xFF, 0xFF, 0xFF, 0xFF, 0xEB, 0x63, 0xFF,
0x5B, 0x00, 0x00, 0x01, 0x8D, 0xDD, 0xF2, 0x8D, 0x0C, 0x00, 0x00, 0x00, 0xA9, 0xFF, 0xFF, 0xFF,
0xFF, 0xFF, 0xFF, 0xFF, 0xFF, 0xFF, 0xFF, 0xFF, 0x53, 0xFF, 0x93, 0x00, 0x00, 0x00, 0x00, 0x07,
0x01, 0x00, 0x00, 0x00, 0x00, 0x4A, 0xFF, 0xFF, 0xFF, 0xFF, 0xFF, 0xFF, 0xFF, 0xFF, 0xFF, 0xFF,
0xFF, 0xFF, 0x59, 0xFC, 0xC8, 0x00, 0x00, 0x00, 0x00, 0x00, 0x00, 0x00, 0x00, 0x00, 0x0E, 0xE4,
0xFF, 0xFF, 0xFF, 0xFF, 0xFF, 0xFF, 0xFF, 0xFF, 0xFF, 0xFF, 0xFF, 0xFF, 0x7E, 0xDD, 0xF2, 0x00,
0x00, 0x00, 0x00, 0x00, 0x00, 0x00, 0x00, 0x00, 0x97, 0xFF, 0xFF, 0xFF, 0xFF, 0xFF, 0xFF, 0xFF,
0xFF, 0xFF, 0xFF, 0xFF, 0xFF, 0xFF, 0xAD, 0xBD, 0xFF, 0x14, 0x00, 0x00, 0x00, 0x00, 0x00, 0x00,
0x00, 0x2F, 0xFD, 0xFF, 0xFF, 0xFF, 0xFF, 0xFF, 0xFF, 0xFF, 0xFF, 0xFF, 0xFF, 0xFF, 0xFF, 0xFF,
0xE1, 0xA4, 0xFF, 0x32, 0x00, 0x00, 0x00, 0x00, 0x00, 0x00, 0x00, 0xA9, 0xFF, 0xFF, 0xFF, 0xFF,
0xFF, 0xFF, 0xFF, 0xFF, 0xFF, 0xFF, 0xFF, 0xFF, 0xFF, 0xFF, 0xFF, 0xBA, 0xFF, 0x3A, 0x00, 0x00,
0x00, 0x00, 0x00, 0x00, 0x00, 0x4E, 0x99, 0xB2, 0xC0, 0xC8, 0xCC, 0xCE, 0xD1, 0xD2, 0xD4, 0xD4,
0xD4, 0xD4, 0xD6, 0xD7, 0xD9, 0xDA, 0xDB, 0x37, 0x00, 0x00, 0x00, 0x00, 0x00, 0x00, 0x00, 0x00,
0x00, 0x00, 0x1C, 0x00, 0x00, 0x00, 0x00, 0x00, 0x00, 0x00, 0x00, 0x00, 0x00, 0x00, 0x00, 0x00,
0x00, 0x00, 0x00, 0x00, 0x00, 0x00, 0x00, 0x00, 0x29, 0x19, 0x00, 0x29, 0xA4, 0x80, 0x00, 0x00,
0x00, 0x00, 0x00, 0x00, 0x00, 0x00, 0x00, 0x00, 0x00, 0x00, 0x00, 0x00, 0x00, 0x00, 0x00, 0x00,
0x00, 0x00, 0x80, 0xAB, 0x2D, 0x96, 0x1D, 0xA2, 0x69, 0x02, 0x00, 0x00, 0x00, 0x00, 0x00, 0x00,
0x00, 0x00, 0x00, 0x00, 0x00, 0x00, 0x00, 0x00, 0x00, 0x00, 0x00, 0x0B, 0x90, 0x1F, 0xD5, 0xF9,
0x03, 0x57, 0xEA, 0xCA, 0x9E, 0x17, 0x00, 0x00, 0x00, 0x00, 0x00, 0x00, 0x00, 0x00, 0x00, 0x00,
0x00, 0x00, 0x00, 0x00, 0x00, 0x32, 0x73, 0x00, 0x00, 0x29, 0x00, 0x0B, 0x2B, 0x01, 0x5C, 0xD9,
0x41, 0x00, 0x00, 0x00, 0x00, 0x00, 0x00, 0x00, 0x00, 0x00, 0x00, 0x00, 0x00, 0x00, 0x00, 0x6F,
0x43, 0x00, 0x00, 0x00, 0x00, 0x00, 0x00, 0x00, 0x00, 0x22, 0xCD, 0x59, 0x00, 0x00, 0x00, 0x00,
0x00, 0x00, 0x00, 0x00, 0x00, 0x00, 0x00, 0x00, 0x00, 0xB8, 0x09, 0x00, 0x00, 0x00, 0x00, 0x00,
0x00, 0x00, 0x00, 0x00, 0x0F, 0xBF, 0x5A, 0x00, 0x00, 0x00, 0x00, 0x00, 0x00, 0x00, 0x00, 0x00,
0x00, 0x00, 0x1B, 0xB3, 0x00, 0x3D, 0x46, 0x00, 0x00, 0x00, 0x00, 0x00, 0x00, 0x00, 0x00, 0x0B,
0xC2, 0x4D, 0x00, 0x00, 0x00, 0x00, 0x00, 0x00, 0x00, 0x00, 0x00, 0x00, 0x73, 0x5A, 0x00, 0xA6,
0xFD, 0x1D, 0x00, 0x00, 0x00, 0x00, 0x00, 0x00, 0x00, 0x00, 0x11, 0xD3, 0x2E, 0x00, 0x00, 0x00,
0x00, 0x00, 0x00, 0x00, 0x00, 0x01, 0xC1, 0x0A, 0x00, 0x19, 0x60, 0x01, 0x00, 0x00, 0x00, 0x00,
0x00, 0x00, 0x00, 0x00, 0x00, 0x37, 0xD3, 0x0C, 0x00, 0x00, 0x00, 0x00, 0x00, 0x00, 0x00, 0x4E,
0x8C, 0x00, 0x00, 0x00, 0x00, 0x00, 0x00, 0x00, 0x00, 0x04, 0x4B, 0x00, 0x00, 0x00, 0x00, 0x77,
0x91, 0x96, 0x00, 0x00, 0x00, 0x00, 0x00, 0x00, 0x00, 0xC6, 0x1F, 0x00, 0x00, 0x00, 0x00, 0x00,
0x00, 0x05, 0x39, 0x62, 0x4D, 0x00, 0x00, 0x00, 0x00, 0x4B, 0x89, 0xD9, 0x2B, 0x00, 0x00, 0x00,
0x00, 0x00, 0x4E, 0x9C, 0x00, 0x00, 0x00, 0x00, 0x00, 0x00, 0x00, 0x9F, 0x44, 0xB4, 0x0B, 0x00,
0x00, 0x00, 0x00, 0x03, 0xC1, 0x56, 0x9A, 0x00, 0x00, 0x00, 0x00, 0x0B, 0xD0, 0x19, 0x00, 0x00,
0x00, 0x00, 0x00, 0x00, 0x77, 0xFF, 0x77, 0xA4, 0x00, 0x00, 0x00, 0x00, 0x00, 0x00, 0x7F, 0x3A,
0xD7, 0x08, 0x00, 0x00, 0x00, 0x8B, 0x5F, 0x00, 0x00, 0x00, 0x00, 0x00, 0x00, 0x51, 0xF0, 0x87,
0xEA, 0x53, 0x00, 0x00, 0x00, 0x00, 0x00, 0x00, 0x25, 0x83, 0x80, 0x51, 0x00, 0x00, 0x0B, 0xB3,
0x15, 0x00, 0x12, 0x00, 0x00, 0x00, 0x37, 0xD9, 0x2B, 0x00, 0xCB, 0x07, 0x00, 0x00, 0x00, 0x00,
0x00, 0x00, 0x00, 0xA6, 0x23, 0x9D, 0x00, 0x00, 0x25, 0x6B, 0x91, 0x01, 0x41, 0x00, 0x00, 0x29,
0xD3, 0x25, 0x00, 0x26, 0x91, 0x00, 0x00, 0x00, 0x00, 0x00, 0x00, 0x00, 0x00, 0x93, 0x16, 0xBD,
0x00, 0x00, 0x06, 0xEA, 0x9A, 0x0A, 0x6B, 0x00, 0x23, 0xCB, 0x28, 0x00, 0x00, 0x90, 0x27, 0x00,
0x00, 0x00, 0x00, 0x00, 0x00, 0x00, 0x00, 0x56, 0x5C, 0x94, 0x22, 0x00, 0x00, 0x74, 0x86, 0x97,
0x72, 0x26, 0xBA, 0x26, 0x00, 0x00, 0x1C, 0xAA, 0x00, 0x00, 0x00, 0x00, 0x00, 0x00, 0x00, 0x00,
0x00, 0x19, 0x93, 0x57, 0x5B, 0x00, 0x00, 0x01, 0x8D, 0xFB, 0xCA, 0x7D, 0x0C, 0x00, 0x00, 0x00,
0xA8, 0x34, 0x00, 0x00, 0x00, 0x00, 0x00, 0x00, 0x00, 0x00, 0x00, 0x00, 0xA5, 0x28, 0x93, 0x00,
0x00, 0x00, 0x00, 0x07, 0x01, 0x00, 0x00, 0x00, 0x00, 0x4A, 0xA7, 0x00, 0x00, 0x00, 0x00, 0x00,
0x00, 0x00, 0x00, 0x00, 0x00, 0x00, 0x9E, 0x06, 0xBD, 0x00, 0x00, 0x00, 0x00, 0x00, 0x00, 0x00,
0x00, 0x00, 0x0F, 0xCC, 0x15, 0x00, 0x00, 0x00, 0x00, 0x00, 0x00, 0x00, 0x00, 0x00, 0x00, 0x00,
0x74, 0x27, 0xBA, 0x00, 0x00, 0x00, 0x00, 0x00, 0x00, 0x00, 0x00, 0x00, 0x98, 0x4B, 0x00, 0x00,
0x00, 0x00, 0x00, 0x00, 0x00, 0x00, 0x00, 0x00, 0x00, 0x00, 0x49, 0x52, 0x97, 0x14, 0x00, 0x00,
0x00, 0x00, 0x00, 0x00, 0x00, 0x32, 0xA9, 0x00, 0x00, 0x00, 0x00, 0x00, 0x00, 0x00, 0x00, 0x00,
0x00, 0x00, 0x00, 0x00, 0x2A, 0x87, 0x70, 0x32, 0x00, 0x00, 0x00, 0x00, 0x00, 0x00, 0x00, 0xA5,
0x22, 0x00, 0x00, 0x00, 0x00, 0x00, 0x00, 0x00, 0x00, 0x00, 0x00, 0x00, 0x00, 0x02, 0x49, 0xCC,
0x6B, 0x3A, 0x00, 0x00, 0x00, 0x00, 0x00, 0x00, 0x00, 0x40, 0x5D, 0x76, 0x84, 0x8C, 0x8F, 0x90,
0x92, 0x93, 0x95, 0x96, 0x99, 0xA2, 0xB4, 0xCF, 0xD9, 0xDA, 0xC5, 0x37, 0x00, 0x00, 0x00, 0x00,
0x00, 0x00, 0x36, 0x72, 0x61, 0x10, 0x00, 0x00, 0x00, 0x00, 0x00, 0x00, 0x00, 0x00, 0x00, 0x00,
0x00, 0x9A, 0xFF, 0xFF, 0xFF, 0xEA, 0x35, 0x00, 0x00, 0x00, 0x00, 0x00, 0x00, 0x00, 0x00, 0x00,
0x5F, 0xFF, 0xFF, 0xFF, 0xFF, 0xFF, 0xDA, 0x01, 0x00, 0x00, 0x00, 0x00, 0x00, 0x00, 0x00, 0x00,
0xB2, 0xFF, 0xFF, 0xFF, 0xFF, 0xFF, 0xFF, 0x2D, 0x00, 0x00, 0x00, 0x00, 0x00, 0x00, 0x00, 0x00,
0xB5, 0xFF, 0xFF, 0xFF, 0xFF, 0xFF, 0xFF, 0x2F, 0x00, 0x00, 0x00, 0x00, 0x00, 0x00, 0x00, 0x00,
0x67, 0xFF, 0xFF, 0xFF, 0xFF, 0xFF, 0xE7, 0x04, 0x00, 0x00, 0x00, 0x00, 0x00, 0x00, 0x00, 0x00,
0x33, 0xFF, 0xFF, 0xFF, 0xFF, 0xFF, 0xD2, 0x0E, 0x00, 0x00, 0x00, 0x00, 0x00, 0x00, 0x00, 0x0A,
0xD7, 0xFF, 0xFF, 0xFF, 0xFF, 0xFF, 0xFF, 0xA0, 0x00, 0x00, 0x00, 0x00, 0x00, 0x00, 0x00, 0x76,
0xFF, 0xFF, 0xFF, 0xFF, 0xFF, 0xFF, 0xFF, 0xFF, 0x31, 0x00, 0x00, 0x00, 0x00, 0x00, 0x00, 0xC7,
0xFF, 0xFF, 0xFF, 0xFF, 0xFF, 0xFF, 0xFF, 0xFF, 0x7D, 0x00, 0x00, 0x00, 0x00, 0x00, 0x00, 0xE4,
0xFF, 0xFF, 0xFF, 0xFF, 0xFF, 0xFF, 0xFF, 0xFF, 0xAA, 0x00, 0x00, 0x00, 0x00, 0x00, 0x00, 0xD4,
0xFF, 0xFF, 0xFF, 0xFF, 0xFF, 0xFF, 0xFF, 0xFF, 0x90, 0x00, 0x00, 0x00, 0x00, 0x00, 0x00, 0x91,
0xFF, 0xFF, 0xFF, 0xFF, 0xFF, 0xFF, 0xFF, 0xFF, 0x4F, 0x00, 0x00, 0x00, 0x00, 0x00, 0x26, 0xE3,
0xFF, 0xFF, 0xFF, 0xFF, 0xFF, 0xFF, 0xFF, 0xFF, 0xD3, 0x16, 0x00, 0x00, 0x00, 0x0E, 0xDB, 0xFF,
0xFF, 0xFF, 0xFF, 0xFF, 0xFF, 0xFF, 0xFF, 0xFF, 0xFF, 0xCE, 0x05, 0x00, 0x00, 0x90, 0xFF, 0xFF,
0xFF, 0xFF, 0xFF, 0xFF, 0xFF, 0xFF, 0xFF, 0xFF, 0xFF, 0xFF, 0x7D, 0x00, 0x13, 0xF7, 0xFF, 0xFF,
0xFF, 0xFF, 0xFF, 0xFF, 0xFF, 0xFF, 0xFF, 0xFF, 0xFF, 0xFF, 0xEE, 0x09, 0x5E, 0xFF, 0xFF, 0xFF,
0xFF, 0xFF, 0xFF, 0xFF, 0xFF, 0xFF, 0xFF, 0xFF, 0xFF, 0xFF, 0xFF, 0x56, 0x92, 0xFF, 0xFF, 0xFF,
0xFF, 0xFF, 0xFF, 0xFF, 0xFF, 0xFF, 0xFF, 0xFF, 0xFF, 0xFF, 0xFF, 0x82, 0xA2, 0xFF, 0xFF, 0xFF,
0xFF, 0xFF, 0xFF, 0xFF, 0xFF, 0xFF, 0xFF, 0xFF, 0xFF, 0xFF, 0xFF, 0x9E, 0x90, 0xFF, 0xFF, 0xFF,
0xFF, 0xFF, 0xFF, 0xFF, 0xFF, 0xFF, 0xFF, 0xFF, 0xFF, 0xFF, 0xFF, 0x8B, 0x3B, 0x80, 0x80, 0x80,
0x80, 0x80, 0x80, 0x80, 0x80, 0x80, 0x80, 0x80, 0x80, 0x80, 0x80, 0x3C, 0x00, 0x00, 0x00, 0x00,
0x00, 0x00, 0x14, 0x9E, 0xE0, 0xE1, 0x9C, 0x0E, 0x00, 0x00, 0x00, 0x00, 0x00, 0x00, 0x00, 0x00,
0x00, 0x00, 0x00, 0x00, 0xC7, 0x6A, 0x02, 0x06, 0x75, 0xBB, 0x00, 0x00, 0x00, 0x00, 0x00, 0x00,
0x00, 0x00, 0x00, 0x00, 0x00, 0x33, 0xB5, 0x00, 0x00, 0x00, 0x00, 0xC1, 0x2E, 0x00, 0x00, 0x00,
0x00, 0x00, 0x00, 0x00, 0x00, 0x00, 0x00, 0x3B, 0xA7, 0x00, 0x00, 0x00, 0x00, 0xA8, 0x38, 0x00,
0x00, 0x00, 0x00, 0x00, 0x00, 0x00, 0x00, 0x00, 0x00, 0x0D, 0xEA, 0x0C, 0x00, 0x00, 0x10, 0xEB,
0x0A, 0x00, 0x00, 0x00, 0x00, 0x00, 0x00, 0x00, 0x00, 0x00, 0x09, 0xB9, 0x9C, 0x0F, 0x00, 0x00,
0x0F, 0x9E, 0xBF, 0x0B, 0x00, 0x00, 0x00, 0x00, 0x00, 0x00, 0x00, 0x00, 0x93, 0x82, 0x00, 0x00,
0x00, 0x00, 0x00, 0x00, 0x76, 0x96, 0x00, 0x00, 0x00, 0x00, 0x00, 0x00, 0x00, 0x08, 0xE2, 0x06,
0x00, 0x00, 0x00, 0x00, 0x00, 0x00, 0x02, 0xDF, 0x05, 0x00, 0x00, 0x00, 0x00, 0x00, 0x00, 0x2B,
0xB7, 0x00, 0x00, 0x00, 0x00, 0x00, 0x00, 0x00, 0x00, 0xC9, 0x18, 0x00, 0x00, 0x00, 0x00, 0x00,
0x00, 0x1B, 0xC6, 0x00, 0x00, 0x00, 0x00, 0x00, 0x00, 0x00, 0x00, 0xE1, 0x04, 0x00, 0x00, 0x00,
0x00, 0x00, 0x00, 0x00, 0xD1, 0x24, 0x00, 0x00, 0x00, 0x00, 0x00, 0x00, 0x47, 0xB1, 0x00, 0x00,
0x00, 0x00, 0x00, 0x00, 0x00, 0x00, 0x54, 0xCA, 0x0D, 0x00, 0x00, 0x00, 0x00, 0x0E, 0xCE, 0x43,
0x00, 0x00, 0x00, 0x00, 0x00, 0x00, 0x00, 0x19, 0xC8, 0x84, 0x0B, 0x00, 0x00, 0x00, 0x00, 0x0D,
0x94, 0xC7, 0x18, 0x00, 0x00, 0x00, 0x00, 0x00, 0x16, 0xD6, 0x4B, 0x00, 0x00, 0x00, 0x00, 0x00,
0x00, 0x00, 0x00, 0x54, 0xD6, 0x16, 0x00, 0x00, 0x00, 0x03, 0xC3, 0x4F, 0x00, 0x00, 0x00, 0x00,
0x00, 0x00, 0x00, 0x00, 0x00, 0x00, 0x5D, 0xC0, 0x01, 0x00, 0x00, 0x69, 0x99, 0x00, 0x00, 0x00,
0x00, 0x00, 0x00, 0x00, 0x00, 0x00, 0x00, 0x00, 0x00, 0xA1, 0x63, 0x00, 0x00, 0xD7, 0x1A, 0x00,
0x00, 0x00, 0x00, 0x00, 0x00, 0x00, 0x00, 0x00, 0x00, 0x00, 0x00, 0x1E, 0xD6, 0x00, 0x2E, 0xC6,
0x00, 0x00, 0x00, 0x00, 0x00, 0x00, 0x00, 0x00, 0x00, 0x00, 0x00, 0x00, 0x00, 0x00, 0xC1, 0x2C,
0x5C, 0x8C, 0x00, 0x00, 0x00, 0x00, 0x00, 0x00, 0x00, 0x00, 0x00, 0x00, 0x00, 0x00, 0x00, 0x00,
0x8E, 0x59, 0x5D, 0x85, 0x00, 0x00, 0x00, 0x00, 0x00, 0x00, 0x00, 0x00, 0x00, 0x00, 0x00, 0x00,
0x00, 0x00, 0x88, 0x5F, 0x3C, 0xAB, 0x00, 0x00, 0x00, 0x00, 0x00, 0x00, 0x00, 0x00, 0x00, 0x00,
0x00, 0x00, 0x00, 0x00, 0xAE, 0x3D, 0x03, 0xDF, 0xDE, 0xDC, 0xDC, 0xDC, 0xDC, 0xDC, 0xDC, 0xDC,
0xDC, 0xDC, 0xDC, 0xDC, 0xDC, 0xDD, 0xDB, 0x04, 0x00, 0x00, 0x00, 0x00, 0x00, 0x00, 0x00, 0x00,
0x00, 0x00, 0x00, 0x00, 0x00, 0x5A, 0x58, 0x04, 0x00, 0x00, 0x00, 0x00, 0x00, 0x00, 0x00, 0x00,
0x00, 0x00, 0x00, 0x00, 0x00, 0x00, 0x00, 0x00, 0x00, 0x00, 0x07, 0x50, 0x2D, 0x00, 0x00, 0x00,
0x87, 0xBA, 0xBD, 0x91, 0x00, 0x00, 0x00, 0x2B, 0x4C, 0x05, 0x00, 0x00, 0x00, 0x00, 0x00, 0x00,
0x00, 0x00, 0x00, 0x00, 0x00, 0x00, 0xBD, 0xBC, 0xDF, 0x49, 0x00, 0x00, 0xCF, 0x2F, 0x2F, 0xD4,
0x00, 0x00, 0x44, 0xE0, 0xBD, 0xB7, 0x00, 0x00, 0x00, 0x00, 0x00, 0x00, 0x00, 0x07, 0x11, 0x00,
0x00, 0x0C, 0xF4, 0x03, 0x64, 0x9E, 0x00, 0x00, 0x68, 0xE4, 0xE3, 0x65, 0x00, 0x00, 0x91, 0x67,
0x02, 0xF2, 0x05, 0x00, 0x00, 0x15, 0x07, 0x00, 0x29, 0xE4, 0xE8, 0x85, 0x00, 0x00, 0xB1, 0xBF,
0xE3, 0x42, 0x00, 0x00, 0x00, 0xE2, 0xDF, 0x00, 0x00, 0x00, 0x46, 0xE4, 0xBD, 0xB6, 0x00, 0x00,
0x89, 0xEB, 0xE5, 0x31, 0x95, 0x6C, 0x09, 0xF5, 0x02, 0x00, 0x07, 0xE6, 0xF0, 0x06, 0x00, 0x00,
0x0D, 0xF5, 0xF3, 0x0A, 0x00, 0x00, 0x07, 0xF1, 0xE4, 0x07, 0x00, 0x03, 0xF1, 0x09, 0x6F, 0x99,
0x68, 0xCA, 0x94, 0xD0, 0x00, 0x00, 0x00, 0xE3, 0xDA, 0x4E, 0x00, 0x00, 0x37, 0xCA, 0xC9, 0x34,
0x00, 0x00, 0x50, 0xD8, 0xE2, 0x00, 0x00, 0x00, 0xD2, 0x94, 0xD0, 0x67, 0x00, 0x5A, 0xFF, 0xB2,
0x00, 0x00, 0x00, 0xF0, 0x70, 0xA6, 0x00, 0x00, 0x64, 0x9B, 0x9A, 0x61, 0x00, 0x00, 0xA8, 0x69,
0xF0, 0x00, 0x00, 0x00, 0xB5, 0xFF, 0x59, 0x00, 0x00, 0x00, 0xE7, 0xFA, 0x28, 0x00, 0x03, 0xFD,
0x10, 0xEB, 0x0A, 0x00, 0x8F, 0x6E, 0x6C, 0x8E, 0x00, 0x0B, 0xEC, 0x0D, 0xF8, 0x01, 0x00, 0x2B,
0xFA, 0xEA, 0x00, 0x00, 0x00, 0x00, 0xC9, 0xB5, 0xA0, 0x00, 0x11, 0xEB, 0x00, 0xAC, 0x58, 0x00,
0xBD, 0x41, 0x3E, 0xBC, 0x00, 0x59, 0xAA, 0x00, 0xEC, 0x0D, 0x00, 0xA4, 0xB0, 0xCA, 0x00, 0x00,
0x00, 0x00, 0xAC, 0x66, 0xEA, 0x21, 0x1F, 0xDD, 0x00, 0x53, 0xB0, 0x00, 0xEB, 0x15, 0x10, 0xE9,
0x00, 0xB2, 0x51, 0x00, 0xDD, 0x1C, 0x23, 0xE8, 0x65, 0xAA, 0x00, 0x00, 0x00, 0x00, 0x8B, 0x76,
0x80, 0x99, 0x2D, 0xCF, 0x00, 0x08, 0xEA, 0x2B, 0xE8, 0x00, 0x00, 0xE5, 0x2A, 0xEA, 0x07, 0x00,
0xCF, 0x2B, 0x9C, 0x79, 0x79, 0x8A, 0x00, 0x00, 0x00, 0x00, 0x6A, 0x96, 0x10, 0xEA, 0x59, 0xC1,
0x00, 0x00, 0xA2, 0xB0, 0xBC, 0x00, 0x00, 0xB9, 0xAF, 0x9F, 0x00, 0x00, 0xC1, 0x58, 0xE8, 0x0D,
0x9A, 0x6A, 0x00, 0x00, 0x00, 0x00, 0x48, 0xB6, 0x00, 0x84, 0xD9, 0xB4, 0x00, 0x00, 0x49, 0xFF,
0x8F, 0x37, 0x33, 0x8E, 0xFF, 0x47, 0x00, 0x00, 0xB2, 0xD9, 0x7E, 0x00, 0xBA, 0x4A, 0x00, 0x00,
0x00, 0x00, 0x27, 0xD5, 0x00, 0x13, 0xF4, 0xAC, 0x73, 0xA8, 0x6C, 0xFC, 0xD4, 0xE4, 0xE1, 0xD6,
0xFC, 0x6E, 0xA9, 0x70, 0xAB, 0xF2, 0x11, 0x00, 0xDA, 0x28, 0x00, 0x00, 0x00, 0x00, 0x07, 0xF1,
0x89, 0xBF, 0xEE, 0xF9, 0xA4, 0x5D, 0x8F, 0x94, 0x64, 0x0C, 0x09, 0x64, 0xA0, 0x95, 0x60, 0x9B,
0xF4, 0xED, 0xBF, 0x88, 0xF6, 0x07, 0x00, 0x00, 0x00, 0x00, 0x00, 0xE2, 0xB8, 0x3A, 0x36, 0x0C,
0x00, 0x00, 0x00, 0x00, 0x00, 0x00, 0x00, 0x00, 0x00, 0x00, 0x00, 0x00, 0x0B, 0x36, 0x3A, 0xB3,
0xE1, 0x00, 0x00, 0x00, 0x00, 0x00, 0x00, 0x69, 0xD3, 0x0C, 0x00, 0x00, 0x07, 0x3F, 0x66, 0x83,
0x9F, 0xB3, 0xB4, 0xA9, 0x88, 0x66, 0x3F, 0x08, 0x00, 0x00, 0x0C, 0xD2, 0x67, 0x00, 0x00, 0x00,
0x00, 0x00, 0x00, 0x00, 0x96, 0xB2, 0x7A, 0xBD, 0xEF, 0xC0, 0x94, 0x79, 0x5D, 0x4C, 0x4A, 0x59,
0x6E, 0x92, 0xBB, 0xE9, 0xBE, 0x7B, 0xB3, 0x94, 0x00, 0x00, 0x00, 0x00, 0x00, 0x00, 0x00, 0x00,
0x04, 0xC8, 0xB3, 0x3D, 0x07, 0x00, 0x00, 0x00, 0x12, 0x20, 0x21, 0x12, 0x00, 0x00, 0x00, 0x03,
0x3B, 0xB2, 0xC8, 0x04, 0x00, 0x00, 0x00, 0x00, 0x00, 0x00, 0x00, 0x00, 0x00, 0x50, 0xC3, 0x06,
0x4C, 0x92, 0xCC, 0xF4, 0xEB, 0xE3, 0xE1, 0xEC, 0xF6, 0xCC, 0x93, 0x49, 0x06, 0xC4, 0x4F, 0x00,
0x00, 0x00, 0x00, 0x00, 0x00, 0x00, 0x00, 0x00, 0x00, 0x02, 0xE0, 0xEE, 0xB8, 0x70, 0x3E, 0x0E,
0x00, 0x00, 0x00, 0x00, 0x0A, 0x36, 0x73, 0xC0, 0xED, 0xE0, 0x02, 0x00, 0x00, 0x00, 0x00, 0x00,
0x00, 0x00, 0x00, 0x00, 0x00, 0x11, 0xEB, 0x2C, 0x06, 0x34, 0x5F, 0x7D, 0x92, 0x99, 0x9D, 0x93,
0x7F, 0x5F, 0x28, 0x01, 0x2C, 0xED, 0x12, 0x00, 0x00, 0x00, 0x00, 0x00, 0x00, 0x00, 0x00, 0x00,
0x00, 0x70, 0xDE, 0xB9, 0xF1, 0xC6, 0xA0, 0x7D, 0x66, 0x60, 0x60, 0x62, 0x79, 0xA0, 0xCB, 0xE6,
0xB1, 0xDE, 0x71, 0x00, 0x00, 0x00, 0x00, 0x00, 0x00, 0x00, 0x00, 0x00, 0x00, 0x9B, 0xFF, 0x98,
0x20, 0x00, 0x00, 0x00, 0x00, 0x00, 0x00, 0x00, 0x00, 0x00, 0x00, 0x1C, 0x93, 0xFF, 0x99, 0x00,
0x00, 0x00, 0x00, 0x00, 0x00, 0x00, 0x00, 0x00, 0x00, 0x02, 0x48, 0xA9, 0xEB, 0xEC, 0xD1, 0xD0,
0xD1, 0xD3, 0xD4, 0xD4, 0xD5, 0xD7, 0xE4, 0xE6, 0xA8, 0x53, 0x02, 0x00, 0x00, 0x00, 0x00, 0x00,
0x00, 0x00, 0x00, 0x00, 0x00, 0x00, 0x00, 0x00, 0x00, 0x10, 0x2D, 0x2F, 0x2E, 0x2D, 0x2C, 0x2B,
0x2A, 0x28, 0x18, 0x00, 0x00, 0x00, 0x00, 0x00, 0x00, 0x00, 0x00, 0x00, 0x00, 0x22, 0x8D, 0x8F,
0x90, 0x4B, 0x00, 0x4F, 0x90, 0x90, 0x90, 0x90, 0x4B, 0x00, 0x4F, 0x90, 0x90, 0x8F, 0x1B, 0x00,
0x00, 0x50, 0xB3, 0x58, 0x87, 0x9C, 0x00, 0xA6, 0x7C, 0x58, 0x58, 0x87, 0x9C, 0x00, 0xA6, 0x7C,
0x58, 0xBE, 0x44, 0x00, 0x00, 0x50, 0x8C, 0x00, 0x3F, 0xEC, 0xCC, 0xEE, 0x30, 0x00, 0x00, 0x3F,
0xEC, 0xCC, 0xEE, 0x30, 0x00, 0x9C, 0x44, 0x00, 0x00, 0x50, 0x8C, 0x00, 0x00, 0x19, 0x1C, 0x18,
0x00, 0x00, 0x00, 0x00, 0x19, 0x1C, 0x18, 0x00, 0x00, 0x9C, 0x44, 0x00, 0x00, 0x4F, 0xD2, 0x9C,
0x9C, 0x9C, 0x9C, 0x9C, 0x9C, 0x9C, 0x9C, 0x9C, 0x9C, 0x9C, 0x9C, 0x9C, 0x9C, 0xD8, 0x43, 0x00,
0x00, 0x0D, 0xB9, 0xCB, 0x4B, 0x48, 0x48, 0x48, 0x48, 0x48, 0x48, 0x48, 0x48, 0x48, 0x48, 0x4D,
0xD5, 0xB0, 0x0A, 0x00, 0x00, 0x00, 0x04, 0x98, 0xB5, 0x64, 0x64, 0x64, 0x64, 0x64, 0x64, 0x64,
0x64, 0x64, 0x64, 0xBE, 0x8B, 0x02, 0x00, 0x00, 0x00, 0x00, 0x00, 0x00, 0xC5, 0x98, 0x80, 0x80,
0x80, 0x80, 0x80, 0x80, 0x80, 0x80, 0x9E, 0xB8, 0x00, 0x00, 0x00, 0x00, 0x00, 0x00, 0x00, 0x00,
0xBB, 0x30, 0x00, 0x00, 0x00, 0x00, 0x00, 0x00, 0x00, 0x00, 0x3C, 0xB0, 0x00, 0x00, 0x00, 0x00,
0x00, 0x00, 0x00, 0x00, 0xBA, 0x30, 0x00, 0x00, 0x00, 0x00, 0x00, 0x00, 0x00, 0x00, 0x3C, 0xB0,
0x00, 0x00, 0x00, 0x00, 0x00, 0x00, 0x00, 0x00, 0xB9, 0x30, 0x00, 0x00, 0x00, 0x00, 0x00, 0x00,
0x00, 0x00, 0x3C, 0xB0, 0x00, 0x00, 0x00, 0x00, 0x00, 0x00, 0x00, 0x00, 0xB8, 0x30, 0x00, 0x00,
0x00, 0x00, 0x00, 0x00, 0x00, 0x00, 0x3C, 0xAF, 0x00, 0x00, 0x00, 0x00, 0x00, 0x00, 0x00, 0x00,
0xB8, 0x30, 0x00, 0x00, 0x00, 0x00, 0x00, 0x00, 0x00, 0x00, 0x3C, 0xAD, 0x00, 0x00, 0x00, 0x00,
0x00, 0x00, 0x00, 0x00, 0xB8, 0x30, 0x00, 0x00, 0x00, 0x00, 0x00, 0x00, 0x00, 0x00, 0x3C, 0xAB,
0x00, 0x00, 0x00, 0x00, 0x00, 0x00, 0x00, 0x00, 0xB8, 0x46, 0x1C, 0x1C, 0x1C, 0x1C, 0x1C, 0x1C,
0x1C, 0x1C, 0x51, 0xA9, 0x00, 0x00, 0x00, 0x00, 0x00, 0x00, 0x00, 0x27, 0xDE, 0xC4, 0xC4, 0xC4,
0xC4, 0xC4, 0xC4, 0xC4, 0xC4, 0xC4, 0xC4, 0xDA, 0x1F, 0x00, 0x00, 0x00, 0x00, 0x00, 0x28, 0xD9,
0x3B, 0x00, 0x00, 0x00, 0x00, 0x00, 0x00, 0x00, 0x00, 0x00, 0x00, 0x46, 0xD6, 0x1C, 0x00, 0x00,
0x00, 0x1B, 0xE4, 0xB0, 0x74, 0x74, 0x74, 0x74, 0x74, 0x74, 0x74, 0x74, 0x74, 0x74, 0x74, 0x74,
0xB8, 0xDA, 0x14, 0x00, 0x00, 0x50, 0xC0, 0x74, 0x74, 0x74, 0x74, 0x74, 0x74, 0x74, 0x74, 0x74,
0x74, 0x74, 0x74, 0x74, 0x74, 0xC9, 0x44, 0x00, 0x22, 0x84, 0xAA, 0x44, 0x44, 0x44, 0x44, 0x44,
0x44, 0x44, 0x44, 0x44, 0x44, 0x44, 0x44, 0x44, 0x44, 0xB6, 0x79, 0x1D, 0xA0, 0xB3, 0xA0, 0xA0,
0xA0, 0xA0, 0xA0, 0xA0, 0xA0, 0xA0, 0xA0, 0xA0, 0xA0, 0xA0, 0xA0, 0xA0, 0xA0, 0xA0, 0xB9, 0x99,
0xA7, 0x4A, 0x1C, 0x1C, 0x1C, 0x1C, 0x1C, 0x1C, 0x1C, 0x1C, 0x1C, 0x1C, 0x1C, 0x1C, 0x1C, 0x1C,
0x1C, 0x1C, 0x58, 0x9B, 0x74, 0xC4, 0xC4, 0xC4, 0xC4, 0xC4, 0xC4, 0xC4, 0xC4, 0xC4, 0xC4, 0xC5,
0xC5, 0xC6, 0xC6, 0xC6, 0xC6, 0xC6, 0xC6, 0x6B, 0x00, 0x00, 0x01, 0x00, 0x00, 0x00, 0x00, 0x00,
0x00, 0x00, 0x00, 0x00, 0x00, 0x00, 0x00, 0x00, 0x00, 0x00, 0x00, 0x00, 0x00, 0x03, 0x00, 0x00,
0x00, 0x4F, 0xD7, 0x4F, 0x01, 0x00, 0x00, 0x00, 0x00, 0x00, 0x00, 0x00, 0x00, 0x00, 0x00, 0x00,
0x00, 0x00, 0x00, 0x01, 0x57, 0xDC, 0x50, 0x00, 0x13, 0xF3, 0xFF, 0xFF, 0xE4, 0xAC, 0x9D, 0x9D,
0x8A, 0x5B, 0x1F, 0x00, 0x00, 0x20, 0x63, 0x91, 0x99, 0x9C, 0xAE, 0xE7, 0xFF, 0xFF, 0xF6, 0x1D,
0x00, 0x40, 0xDC, 0xFF, 0xFF, 0xFF, 0xFF, 0xFF, 0xFF, 0xFF, 0xFC, 0xA7, 0xA7, 0xFC, 0xFF, 0xFF,
0xFF, 0xFF, 0xFF, 0xFF, 0xFF, 0xBB, 0x2B, 0x00, 0x00, 0x00, 0x03, 0x43, 0x6D, 0x6D, 0x63, 0x62,
0x7B, 0xB5, 0xFB, 0xFF, 0xFF, 0xF8, 0xAB, 0x79, 0x73, 0x7E, 0x81, 0x62, 0x20, 0x00, 0x00, 0x00,
0x00, 0x00, 0x00, 0x00, 0x00, 0x00, 0x00, 0x00, 0x00, 0x00, 0x33, 0xF2, 0xF4, 0x34, 0x00, 0x00,
0x00, 0x00, 0x00, 0x00, 0x00, 0x00, 0x00, 0x00, 0x00, 0x00, 0x00, 0x00, 0x00, 0x00, 0x00, 0x09,
0x6A, 0xC8, 0xF8, 0xFF, 0xFF, 0xFB, 0xBF, 0x68, 0x08, 0x00, 0x00, 0x00, 0x00, 0x00, 0x00, 0x00,
0x00, 0x00, 0x00, 0x00, 0x00, 0x00, 0x00, 0xA8, 0x31, 0xA6, 0xED, 0xFF, 0xFF, 0xF9, 0xC1, 0x44,
0x89, 0x00, 0x00, 0x00, 0x00, 0x00, 0x00, 0x00, 0x00, 0x00, 0x00, 0x00, 0x00, 0x00, 0x00, 0xA8,
0xD6, 0x64, 0x1F, 0x15, 0x20, 0x1D, 0x59, 0xCC, 0xB1, 0x00, 0x00, 0x00, 0x00, 0x00, 0x00, 0x00,
0x00, 0x00, 0x00, 0x00, 0x00, 0x00, 0x00, 0x65, 0xFF, 0xFF, 0xFF, 0xF9, 0xF6, 0xFF, 0xFF, 0xFF,
0x6E, 0x00, 0x00, 0x00, 0x00, 0x00, 0x00, 0x00, 0x00, 0x00, 0x00, 0x00, 0x00, 0x00, 0x00, 0x53,
0xBE, 0x80, 0xC9, 0xEB, 0xEE, 0xD2, 0x8A, 0xA9, 0x55, 0x00, 0x00, 0x00, 0x00, 0x00, 0x00, 0x00,
0x00, 0x00, 0x00, 0x00, 0x00, 0x00, 0x53, 0xFA, 0xF7, 0x9C, 0x57, 0x38, 0x37, 0x5C, 0x9F, 0xF7,
0xF8, 0x49, 0x00, 0x00, 0x00, 0x00, 0x00, 0x00, 0x00, 0x00, 0x00, 0x00, 0x00, 0x11, 0xF2, 0xFF,
0xFF, 0xFF, 0xFF, 0xFF, 0xFF, 0xFF, 0xFF, 0xFF, 0xFF, 0xEB, 0x0E, 0x00, 0x00, 0x00, 0x00, 0x00,
0x00, 0x00, 0x00, 0x00, 0x00, 0x53, 0xFF, 0xFF, 0xFF, 0xFF, 0xFF, 0xFB, 0xFA, 0xFF, 0xFF, 0xFF,
0xFF, 0xFF, 0x57, 0x00, 0x00, 0x00, 0x00, 0x00, 0x00, 0x00, 0x00, 0x00, 0x00, 0x55, 0xFF, 0xFF,
0xFF, 0xFF, 0xFF, 0x9C, 0x8C, 0xFF, 0xFF, 0xFF, 0xFF, 0xFF, 0x6D, 0x00, 0x00, 0x00, 0x00, 0x00,
0x00, 0x00, 0x00, 0x00, 0x00, 0x22, 0xFF, 0xFF, 0xFF, 0xFF, 0x94, 0x3C, 0x36, 0x7C, 0xFF, 0xFF,
0xFF, 0xFF, 0x35, 0x00, 0x00, 0x00, 0x00, 0x00, 0x00, 0x00, 0x00, 0x00, 0x00, 0x00, 0xC1, 0xFF,
0xFF, 0xFF, 0xDC, 0x7C, 0x6F, 0xD4, 0xFF, 0xFF, 0xFF, 0xCC, 0x01, 0x00, 0x00, 0x00, 0x00, 0x00,
0x00, 0x00, 0x00, 0x00, 0x00, 0x00, 0x2F, 0xF2, 0xFF, 0xFF, 0xFF, 0xC4, 0xBB, 0xFF, 0xFF, 0xFF,
0xF7, 0x35, 0x00, 0x00, 0x00, 0x00, 0x00, 0x00, 0x00, 0x00, 0x00, 0x00, 0x00, 0x00, 0x00, 0x35,
0xE7, 0xFF, 0xFF, 0xFF, 0xFF, 0xFF, 0xFF, 0xEF, 0x43, 0x00, 0x00, 0x00, 0x00, 0x00, 0x00, 0x00,
0x00, 0x00, 0x00, 0x00, 0x00, 0x00, 0x00, 0x00, 0x1A, 0xC3, 0xFF, 0xFF, 0xFF, 0xFF, 0xCF, 0x24,
0x00, 0x00, 0x00, 0x00, 0x00, 0x00, 0x00, 0x00, 0x00, 0x00, 0x00, 0x00, 0x00, 0x00, 0x00, 0x00,
0x00, 0x04, 0x85, 0xFD, 0xFE, 0x91, 0x08, 0x00, 0x00, 0x00, 0x00, 0x00, 0x00, 0x00, 0x00, 0x00,
0x00, 0x00, 0x00, 0x00, 0x00, 0x00, 0x00, 0x00, 0x00, 0x00, 0x00, 0x3E, 0x43, 0x00, 0x00, 0x00,
0x00, 0x00, 0x00, 0x00, 0x00, 0x00, 0x00, 0x00, 0x00, 0x00, 0x0C, 0x0C, 0x0C, 0x02, 0x00, 0x00,
0x0B, 0x0C, 0x0C, 0x0B, 0x00, 0x00, 0x02, 0x0C, 0x0C, 0x0C, 0x00, 0x00, 0x00, 0x04, 0xFF, 0xFF,
0xFF, 0x30, 0x00, 0x00, 0xF4, 0xFF, 0xFF, 0xF4, 0x00, 0x00, 0x30, 0xFF, 0xFF, 0xFF, 0x04, 0x00,
0x00, 0x04, 0xFF, 0xFF, 0xFF, 0x84, 0x68, 0x68, 0xF8, 0xFF, 0xFF, 0xF8, 0x68, 0x68, 0x84, 0xFF,
0xFF, 0xFF, 0x04, 0x00, 0x00, 0x04, 0xFF, 0xFF, 0xFF, 0xFF, 0xFF, 0xFF, 0xFF, 0xFF, 0xFF, 0xFF,
0xFF, 0xFF, 0xFF, 0xFF, 0xFF, 0xFF, 0x04, 0x00, 0x00, 0x02, 0x84, 0x38, 0x38, 0x38, 0x38, 0x38,
0x38, 0x38, 0x38, 0x38, 0x38, 0x38, 0x38, 0x38, 0x38, 0x85, 0x02, 0x00, 0x00, 0x00, 0x1B, 0xBA,
0xF0, 0xF0, 0xF0, 0xF0, 0xF0, 0xF0, 0xF0, 0xF0, 0xF0, 0xF0, 0xF0, 0xF0, 0xBF, 0x1E, 0x00, 0x00,
0x00, 0x00, 0x00, 0x06, 0x9C, 0x7D, 0x5C, 0x5C, 0x5C, 0x5C, 0x5C, 0x5C, 0x5C, 0x5C, 0x7E, 0x9F,
0x07, 0x00, 0x00, 0x00, 0x00, 0x00, 0x00, 0x00, 0x44, 0xE3, 0xD8, 0xD8, 0xD8, 0xD8, 0xD8, 0xD8,
0xD8, 0xD8, 0xE4, 0x44, 0x00, 0x00, 0x00, 0x00, 0x00, 0x00, 0x00, 0x00, 0x44, 0xFF, 0xFF, 0xFF,
0xFF, 0xFF, 0xFF, 0xFF, 0xFF, 0xFF, 0xFF, 0x44, 0x00, 0x00, 0x00, 0x00, 0x00, 0x00, 0x00, 0x00,
0x44, 0xFF, 0xFF, 0xFF, 0xFF, 0xFF, 0xFF, 0xFF, 0xFF, 0xFF, 0xFF, 0x44, 0x00, 0x00, 0x00, 0x00,
0x00, 0x00, 0x00, 0x00, 0x44, 0xFF, 0xFF, 0xFF, 0xFF, 0xFF, 0xFF, 0xFF, 0xFF, 0xFF, 0xFF, 0x44,
0x00, 0x00, 0x00, 0x00, 0x00, 0x00, 0x00, 0x00, 0x44, 0xFF, 0xFF, 0xFF, 0xFF, 0xFF, 0xFF, 0xFF,
0xFF, 0xFF, 0xFF, 0x45, 0x00, 0x00, 0x00, 0x00, 0x00, 0x00, 0x00, 0x00, 0x44, 0xFF, 0xFF, 0xFF,
0xFF, 0xFF, 0xFF, 0xFF, 0xFF, 0xFF, 0xFF, 0x47, 0x00, 0x00, 0x00, 0x00, 0x00, 0x00, 0x00, 0x00,
0x44, 0xFF, 0xFF, 0xFF, 0xFF, 0xFF, 0xFF, 0xFF, 0xFF, 0xFF, 0xFF, 0x48, 0x00, 0x00, 0x00, 0x00,
0x00, 0x00, 0x00, 0x00, 0x44, 0xB5, 0x9C, 0x9C, 0x9C, 0x9C, 0x9C, 0x9C, 0x9C, 0x9C, 0xB5, 0x4A,
0x00, 0x00, 0x00, 0x00, 0x00, 0x00, 0x00, 0x04, 0xB1, 0xAB, 0x94, 0x94, 0x94, 0x94, 0x94, 0x94,
0x94, 0x94, 0xAB, 0xB0, 0x03, 0x00, 0x00, 0x00, 0x00, 0x00, 0x01, 0xA5, 0xFF, 0xFF, 0xFF, 0xFF,
0xFF, 0xFF, 0xFF, 0xFF, 0xFF, 0xFF, 0xFF, 0xFF, 0x9F, 0x01, 0x00, 0x00, 0x00, 0x00, 0x5C, 0x3C,
0x35, 0x33, 0x31, 0x31, 0x30, 0x30, 0x30, 0x30, 0x30, 0x30, 0x32, 0x33, 0x3C, 0x5B, 0x00, 0x00,
0x00, 0x00, 0x9C, 0xFF, 0xFF, 0xFF, 0xFF, 0xFF, 0xFF, 0xFF, 0xFF, 0xFF, 0xFF, 0xFF, 0xFF, 0xFF,
0xFF, 0x9B, 0x00, 0x00, 0x00, 0x18, 0x90, 0x7B, 0x74, 0x74, 0x74, 0x74, 0x74, 0x74, 0x74, 0x74,
0x74, 0x74, 0x74, 0x74, 0x7A, 0x8F, 0x18, 0x00, 0x04, 0xFF, 0xF8, 0xC4, 0xC2, 0xBF, 0xBD, 0xBC,
0xBB, 0xB9, 0xB8, 0xB8, 0xB8, 0xB9, 0xBB, 0xBE, 0xC3, 0xF9, 0xFF, 0x04, 0x03, 0xF4, 0xF4, 0xF4,
0xF4, 0xF4, 0xF4, 0xF4, 0xF4, 0xF4, 0xF4, 0xF4, 0xF4, 0xF4, 0xF4, 0xF4, 0xF4, 0xF4, 0xF4, 0x03,
0x00, 0x00, 0x00, 0x00, 0x00, 0x00, 0x00, 0x00, 0x00, 0x00, 0x00, 0x08, 0x06, 0x00, 0x00, 0x00,
0x00, 0x00, 0x00, 0x00, 0x00, 0x00, 0x00, 0x00, 0x00, 0x00, 0x00, 0x00, 0x00, 0x00, 0x00, 0x00,
0x00, 0x00, 0x22, 0xEB, 0xEB, 0x26, 0x00, 0x00, 0x00, 0x00, 0x00, 0x00, 0x00, 0x00, 0x00, 0x00,
0x00, 0x00, 0x00, 0x00, 0x00, 0x00, 0x00, 0x00, 0x00, 0x00, 0x55, 0xFF, 0xFF, 0x5E, 0x00, 0x00,
0x00, 0x00, 0x00, 0x00, 0x00, 0x00, 0x00, 0x00, 0x00, 0x00, 0x00, 0x00, 0x00, 0x00, 0x00, 0x00,
0x00, 0x00, 0x06, 0x9F, 0xAB, 0x07, 0x00, 0x00, 0x00, 0x00, 0x00, 0x00, 0x00, 0x00, 0x00, 0x00,
0x00, 0x00, 0x00, 0x00, 0x00, 0x00, 0x00, 0x00, 0x00, 0x00, 0x41, 0xE1, 0xEC, 0x4F, 0x00, 0x00,
0x00, 0x00, 0x00, 0x00, 0x00, 0x00, 0x00, 0x00, 0x00, 0x00, 0x00, 0x00, 0x00, 0x00, 0x00, 0x00,
0x04, 0x87, 0xFD, 0xFF, 0xFF, 0xFF, 0x91, 0x05, 0x00, 0x00, 0x00, 0x00, 0x00, 0x00, 0x00, 0x00,
0x00, 0x00, 0x00, 0x00, 0x00, 0x00, 0x00, 0x13, 0xC0, 0xFF, 0xFF, 0xFF, 0xFF, 0xFF, 0xFF, 0xC4,
0x16, 0x00, 0x00, 0x00, 0x00, 0x00, 0x00, 0x00, 0x00, 0x00, 0x00, 0x00, 0x00, 0x00, 0x0B, 0xD0,
0xFF, 0xFF, 0xFF, 0xDD, 0xD8, 0xFF, 0xFF, 0xFF, 0xDE, 0x1D, 0x00, 0x00, 0x00, 0x00, 0x00, 0x00,
0x00, 0x00, 0x00, 0x00, 0x00, 0x00, 0x92, 0xFF, 0xFF, 0xFF, 0xFF, 0x9C, 0x8C, 0xFF, 0xFF, 0xFF,
0xFF, 0xB1, 0x00, 0x00, 0x00, 0x00, 0x00, 0x00, 0x00, 0x00, 0x00, 0x00, 0x00, 0x16, 0xFA, 0xFF,
0xFF, 0xFF, 0x5A, 0x1D, 0x1A, 0x5A, 0xFF, 0xFF, 0xFF, 0xFE, 0x21, 0x00, 0x00, 0x00, 0x00, 0x00,
0x00, 0x00, 0x00, 0x00, 0x00, 0x50, 0xFF, 0xFF, 0xFF, 0xFF, 0xFF, 0x9C, 0x8C, 0xFF, 0xFF, 0xFF,
0xFF, 0xFF, 0x63, 0x00, 0x00, 0x00, 0x00, 0x00, 0x00, 0x00, 0x00, 0x00, 0x00, 0x4F, 0xFF, 0xFF,
0xFF, 0xFF, 0xFF, 0xE5, 0xE1, 0xFF, 0xFF, 0xFF, 0xFF, 0xFF, 0x6B, 0x00, 0x00, 0x00, 0x00, 0x00,
0x00, 0x00, 0x00, 0x00, 0x00, 0x12, 0xF4, 0xFF, 0xFF, 0xFF, 0xFF, 0xFF, 0xFF, 0xFF, 0xFF, 0xFF,
0xFF, 0xFF, 0x31, 0x00, 0x00, 0x00, 0x00, 0x00, 0x00, 0x00, 0x00, 0x00, 0x00, 0x00, 0x6E, 0xFF,
0xFF, 0xE7, 0xA6, 0x7D, 0x7A, 0x9C, 0xDC, 0xFF, 0xFF, 0xA2, 0x00, 0x00, 0x00, 0x00, 0x00, 0x00,
0x00, 0x00, 0x00, 0x00, 0x00, 0x00, 0x00, 0x73, 0xB1, 0x3D, 0x7D, 0xA0, 0xA4, 0x82, 0x41, 0xA3,
0x92, 0x04, 0x00, 0x00, 0x00, 0x00, 0x00, 0x00, 0x00, 0x00, 0x00, 0x00, 0x00, 0x00, 0x00, 0x50,
0xFF, 0xFF, 0xFF, 0xFF, 0xFF, 0xFF, 0xFF, 0xFF, 0x66, 0x00, 0x00, 0x00, 0x00, 0x00, 0x00, 0x00,
0x00, 0x00, 0x00, 0x00, 0x00, 0x00, 0x00, 0x92, 0xF7, 0xA1, 0x5B, 0x39, 0x39, 0x58, 0x9B, 0xF5,
0xA7, 0x00, 0x00, 0x00, 0x00, 0x00, 0x00, 0x00, 0x00, 0x00, 0x00, 0x00, 0x00, 0x00, 0x00, 0x9A,
0x26, 0x77, 0xBF, 0xDE, 0xD6, 0xAD, 0x6A, 0x24, 0xB8, 0x00, 0x00, 0x00, 0x00, 0x00, 0x00, 0x00,
0x00, 0x00, 0x00, 0x00, 0x00, 0x00, 0x00, 0x26, 0x8A, 0xF5, 0xFF, 0xFF, 0xFF, 0xFF, 0xFE, 0xA6,
0x3B, 0x00, 0x00, 0x00, 0x00, 0x00, 0x00, 0x00, 0x00, 0x00, 0x00, 0x00, 0x00, 0x00, 0x00, 0x00,
0x00, 0x08, 0x4D, 0xEE, 0xF7, 0x5C, 0x14, 0x00, 0x00, 0x00, 0x00, 0x00, 0x00, 0x00, 0x00, 0x00,
0x00, 0x00, 0x00, 0x00, 0x1D, 0x3F, 0x3B, 0x2D, 0x3B, 0x69, 0xD2, 0xFF, 0xFF, 0xE5, 0x7D, 0x3D,
0x21, 0x21, 0x2C, 0x2C, 0x0A, 0x00, 0x00, 0x00, 0x00, 0x01, 0x67, 0xCD, 0xFF, 0xFF, 0xFF, 0xFF,
0xFF, 0xFF, 0xFF, 0xE9, 0xE0, 0xFF, 0xFF, 0xFF, 0xFF, 0xFF, 0xFF, 0xFF, 0xFA, 0xA5, 0x1B, 0x00,
0x12, 0xC5, 0xFF, 0xFF, 0xFF, 0xF2, 0xE2, 0xDB, 0xD7, 0xAC, 0x67, 0x09, 0x08, 0x59, 0xA3, 0xCC,
0xDE, 0xDE, 0xEF, 0xFF, 0xFF, 0xFF, 0xEC, 0x1F, 0x00, 0x82, 0xFF, 0xA2, 0x35, 0x02, 0x00, 0x00,
0x00, 0x00, 0x00, 0x00, 0x00, 0x00, 0x00, 0x00, 0x00, 0x00, 0x00, 0x2B, 0x89, 0xF8, 0x9A, 0x01,
0x00, 0x00, 0x2B, 0x00, 0x00, 0x00, 0x00, 0x00, 0x00, 0x00, 0x00, 0x00, 0x00, 0x00, 0x00, 0x00,
0x00, 0x00, 0x00, 0x00, 0x00, 0x1C, 0x02, 0x00, 0x00, 0x00, 0x00, 0x00, 0x00, 0x00, 0x00, 0x00,
0x00, 0x00, 0x00, 0x00, 0x00, 0x07, 0x04, 0x00, 0x00, 0x00, 0x00, 0x00, 0x00, 0x00, 0x00, 0x00,
0x00, 0x00, 0x00, 0x00, 0x00, 0x00, 0x00, 0x00, 0x00, 0x00, 0x00, 0x00, 0x00, 0x00, 0x00, 0x00,
0x1D, 0xEA, 0xE8, 0x1C, 0x00, 0x00, 0x00, 0x00, 0x00, 0x00, 0x00, 0x00, 0x00, 0x00, 0x00, 0x00,
0x00, 0x00, 0x00, 0x00, 0x00, 0x00, 0x39, 0xE3, 0xAF, 0x02, 0x00, 0x00, 0x49, 0xFF, 0xFF, 0x4A,
0x00, 0x00, 0x02, 0xAC, 0xE3, 0x39, 0x00, 0x00, 0x00, 0x00, 0x00, 0x00, 0x00, 0x00, 0x00, 0x00,
0x00, 0x00, 0x89, 0xFF, 0xFF, 0x17, 0x00, 0x00, 0x01, 0x97, 0x9D, 0x03, 0x00, 0x00, 0x1B, 0xFF,
0xFF, 0x89, 0x00, 0x00, 0x00, 0x00, 0x00, 0x00, 0x00, 0x79, 0xAE, 0x1F, 0x00, 0x00, 0x1F, 0xC9,
0x93, 0x00, 0x00, 0x00, 0x00, 0x67, 0x63, 0x00, 0x00, 0x00, 0x00, 0x93, 0xCA, 0x1F, 0x00, 0x00,
0x1A, 0xA9, 0x77, 0x00, 0x18, 0xFF, 0xFF, 0x8A, 0x00, 0x00, 0x00, 0x5F, 0x81, 0x00, 0x00, 0x00,
0x00, 0x92, 0x8E, 0x00, 0x00, 0x00, 0x00, 0x81, 0x58, 0x00, 0x00, 0x00, 0x89, 0xFF, 0xFF, 0x14,
0x00, 0xA4, 0xF5, 0x2D, 0x00, 0x00, 0x00, 0x6C, 0xD9, 0x00, 0x00, 0x00, 0x00, 0xBE, 0xBB, 0x00,
0x00, 0x00, 0x00, 0xD7, 0x66, 0x00, 0x00, 0x00, 0x38, 0xF5, 0xA6, 0x00, 0x00, 0x00, 0x87, 0x34,
0x00, 0x00, 0x00, 0x79, 0xFF, 0x33, 0x00, 0x00, 0x00, 0xEA, 0xE9, 0x00, 0x00, 0x00, 0x30, 0xFF,
0x74, 0x00, 0x00, 0x00, 0x34, 0x83, 0x00, 0x00, 0x00, 0x00, 0x69, 0xAD, 0x00, 0x00, 0x00, 0x86,
0xFF, 0x8B, 0x00, 0x00, 0x15, 0xFF, 0xFF, 0x17, 0x00, 0x00, 0x89, 0xFF, 0x81, 0x00, 0x00, 0x00,
0xAB, 0x61, 0x00, 0x00, 0x00, 0x00, 0x47, 0xFE, 0x2A, 0x00, 0x00, 0x93, 0xFF, 0xE2, 0x01, 0x00,
0x41, 0xFF, 0xFF, 0x43, 0x00, 0x01, 0xE1, 0xFF, 0x8F, 0x00, 0x00, 0x27, 0xFD, 0x41, 0x00, 0x00,
0x00, 0x00, 0x25, 0xFF, 0xA3, 0x00, 0x00, 0xA1, 0xFF, 0xFF, 0x3C, 0x00, 0x70, 0xFF, 0xFF, 0x6F,
0x00, 0x3B, 0xFF, 0xFF, 0x9E, 0x00, 0x00, 0xA0, 0xFF, 0x20, 0x00, 0x00, 0x00, 0x00, 0x06, 0xFC,
0xFC, 0x23, 0x00, 0xAE, 0xFF, 0xFF, 0x95, 0x00, 0x9F, 0xFF, 0xFF, 0x9C, 0x00, 0x94, 0xFF, 0xFF,
0xAC, 0x00, 0x20, 0xFB, 0xFC, 0x04, 0x00, 0x00, 0x00, 0x00, 0x00, 0xE2, 0xFF, 0x9B, 0x00, 0xBC,
0xFF, 0xFF, 0xEA, 0x04, 0xCD, 0xFF, 0xFF, 0xCA, 0x03, 0xE9, 0xFF, 0xFF, 0xBB, 0x00, 0x97, 0xFF,
0xE1, 0x00, 0x00, 0x00, 0x00, 0x00, 0x00, 0xC3, 0xFF, 0xF9, 0x1C, 0xCA, 0xFF, 0xFF, 0xFF, 0x4A,
0xF7, 0xFF, 0xFF, 0xF5, 0x49, 0xFF, 0xFF, 0xFF, 0xC9, 0x1B, 0xF8, 0xFF, 0xC2, 0x00, 0x00, 0x00,
0x00, 0x00, 0x00, 0xA4, 0xFF, 0xFF, 0x93, 0xD9, 0xFF, 0xFF, 0xFF, 0xCB, 0xFF, 0xFF, 0xFF, 0xFF,
0xCB, 0xFF, 0xFF, 0xFF, 0xD9, 0x93, 0xFF, 0xFF, 0xA3, 0x00, 0x00, 0x00, 0x00, 0x00, 0x00, 0x85,
0xFF, 0xFF, 0xF8, 0xF4, 0xFF, 0xFF, 0xFF, 0xFF, 0xFF, 0xFF, 0xFF, 0xFF, 0xFF, 0xFF, 0xFF, 0xFF,
0xF3, 0xF7, 0xFF, 0xFF, 0x85, 0x00, 0x00, 0x00, 0x00, 0x00, 0x00, 0x5A, 0xFF, 0xFF, 0xFF, 0xFF,
0xFF, 0xFF, 0xFF, 0xFF, 0xFF, 0xFF, 0xFF, 0xFF, 0xFF, 0xFF, 0xFF, 0xFF, 0xFF, 0xFF, 0xFF, 0xFF,
0x59, 0x00, 0x00, 0x00, 0x00, 0x00, 0x00, 0x00, 0xA9, 0xFF, 0xFF, 0xFF, 0xFE, 0xD3, 0x9E, 0x71,
0x59, 0x4D, 0x52, 0x5D, 0x7B, 0x9B, 0xD7, 0xFF, 0xFF, 0xFF, 0xFF, 0xA8, 0x00, 0x00, 0x00, 0x00,
0x00, 0x00, 0x00, 0x00, 0x0B, 0xD5, 0xCB, 0x64, 0x2E, 0x58, 0x87, 0xB6, 0xD1, 0xD9, 0xD7, 0xCD,
0xB5, 0x8D, 0x4A, 0x2C, 0x69, 0xC9, 0xD5, 0x0B, 0x00, 0x00, 0x00, 0x00, 0x00, 0x00, 0x00, 0x00,
0x00, 0x32, 0x8C, 0xC0, 0xFD, 0xFF, 0xFF, 0xFF, 0xEA, 0xD4, 0xD4, 0xE1, 0xFF, 0xFF, 0xFF, 0xFA,
0xC0, 0x8E, 0x35, 0x00, 0x00, 0x00, 0x00, 0x00, 0x00, 0x00, 0x00, 0x00, 0x00, 0x00, 0xBE, 0xFF,
0xDF, 0x82, 0x3C, 0x34, 0x4E, 0x59, 0x56, 0x48, 0x35, 0x3C, 0x7E, 0xD6, 0xFF, 0xC2, 0x00, 0x00,
0x00, 0x00, 0x00, 0x00, 0x00, 0x00, 0x00, 0x00, 0x00, 0x00, 0x59, 0x77, 0x3F, 0x9D, 0xE9, 0xFF,
0xFF, 0xFF, 0xFF, 0xFF, 0xFF, 0xE9, 0x9C, 0x3D, 0x6D, 0x59, 0x00, 0x00, 0x00, 0x00, 0x00, 0x00,
0x00, 0x00, 0x00, 0x00, 0x00, 0x00, 0x8B, 0xF7, 0xFF, 0xDC, 0xAC, 0x83, 0x6B, 0x5B, 0x5A, 0x69,
0x8A, 0xB1, 0xE4, 0xFF, 0xF8, 0x88, 0x00, 0x00, 0x00, 0x00, 0x00, 0x00, 0x00, 0x00, 0x00, 0x00,
0x00, 0x08, 0xC0, 0x69, 0x25, 0x46, 0x7A, 0xA8, 0xBD, 0xC7, 0xC8, 0xC0, 0xA1, 0x7E, 0x43, 0x35,
0x75, 0xC2, 0x07, 0x00, 0x00, 0x00, 0x00, 0x00, 0x00, 0x00, 0x00, 0x00, 0x00, 0x13, 0x38, 0xA9,
0xF7, 0xFF, 0xFF, 0xFF, 0xFF, 0xFF, 0xFF, 0xFF, 0xFF, 0xFF, 0xFF, 0xF8, 0xA8, 0x30, 0x13, 0x00,
0x00, 0x00, 0x00, 0x00, 0x00, 0x00, 0x00, 0x00, 0x00, 0x00, 0x00, 0x10, 0x50, 0x79, 0x8F, 0x90,
0x90, 0x90, 0x90, 0x90, 0x90, 0x8D, 0x7E, 0x57, 0x15, 0x00, 0x00, 0x00, 0x00, 0x00, 0x00, 0x00,
0x00, 0x0F, 0x43, 0x68, 0x65, 0x73, 0x73, 0x43, 0x75, 0x65, 0x72, 0x6E, 0x61, 0x76, 0x61, 0x63,
0x61, 0x00, 0x0F, 0x43, 0x68, 0x65, 0x73, 0x73, 0x43, 0x75, 0x65, 0x72, 0x6E, 0x61, 0x76, 0x61,
0x63, 0x61, 0x01, 
};
